id,name,country,segment,signup_date,email,phone
1,John Chen,USA,consumer,2022-06-06,john.chen@gmail.com,+56 492 2419
2,Maria Johnson,Brazil,consumer,2021-08-02,maria.johnson@gmail.com,+21 488 1414
3,Sarah Nilsson,Sweden,mid-market,2022-05-06,sarah.nilsson@outlook.com,+32 515 5253
4,John Wilson,,consumer,2022-07-13,john.wilson@gmail.com,+80 969 7566
5,Carlos Smith,Spain,consumer,2023-01-15,carlos.smith@company.com,+8 467 7568
6,Emma Tanaka,Japan,consumer,2023-12-09,emma.tanaka@gmail.com,+59 511 4925
7,Lisa Chen,Spain,enterprise,2023-10-17,lisa.chen@gmail.com,+40 620 2608
8,Lisa Rossi,Sweden,smb,2021-12-02,lisa.rossi@gmail.com,+51 285 7128
9,Emma Smith,Italy,smb,2024-08-22,emma.smith@gmail.com,+85 556 4487
10,Julia Johnson,USA,enterprise,2024-07-31,julia.johnson@gmail.com,+93 693 4851
11,Emma Leclerc,Brazil,mid-market,2023-04-29,emma.leclerc@yahoo.com,+3 114 2993
12,Sophie Nilsson,,smb,2021-10-21,sophie.nilsson@gmail.com,+24 748 5504
13,Paul Wilson,Canada,consumer,2022-04-12,paul.wilson@outlook.com,
14,Sarah Rossi,Netherlands,mid-market,2022-07-19,sarah.rossi@company.com,+55 422 7430
15,Emma Johnson,Spain,consumer,2022-10-09,emma.johnson@outlook.com,+45 346 5258
16,Lucas Rodriguez,Italy,smb,2024-06-23,lucas.rodriguez@yahoo.com,+66 437 7335
17,John Garcia,,consumer,2023-08-03,john.garcia@gmail.com,+97 469 3656
18,David Dupont,UK,smb,2024-08-08,david.dupont@gmail.com,+40 853 2610
19,Julia Rossi,UK,smb,2021-11-14,julia.rossi@gmail.com,+96 472 8573
20,Anna Brown,,consumer,2021-11-25,anna.brown@company.com,+78 804 9179
21,Sophie Chen,,consumer,2023-11-19,sophie.chen@outlook.com,+19 633 1890
22,Lisa Muller,Japan,smb,2023-09-29,lisa.muller@gmail.com,+30 136 7139
23,John Tanaka,France,smb,2023-08-24,john.tanaka@outlook.com,+60 765 2585
24,Lucas Nilsson,Japan,consumer,2021-05-05,lucas.nilsson@company.com,+33 708 8438
25,Maria Chen,Spain,consumer,2022-12-15,maria.chen@yahoo.com,+87 166 4622
26,Paul Martin,Brazil,enterprise,2021-11-08,paul.martin@outlook.com,+2 835 2106
27,Pierre Johnson,France,smb,2023-02-12,pierre.johnson@company.com,+81 240 1138
28,Lucas Dupont,Spain,smb,2022-02-10,lucas.dupont@yahoo.com,
29,Emma Martin,Japan,consumer,2022-10-18,emma.martin@outlook.com,+64 347 7216
30,Lisa Wilson,UK,smb,2023-10-20,lisa.wilson@gmail.com,
31,David Chen,France,smb,2021-05-24,david.chen@gmail.com,
32,Pierre Tanaka,Brazil,consumer,2022-01-25,pierre.tanaka@company.com,+14 206 6902
33,Sarah Muller,France,smb,2021-10-29,sarah.muller@outlook.com,+42 222 7729
34,David Leclerc,UK,mid-market,2021-02-08,david.leclerc@gmail.com,+76 131 2814
35,John Johnson,Italy,mid-market,2023-12-03,john.johnson@outlook.com,+37 757 1666
36,Paul Martin,Brazil,enterprise,2024-07-21,paul.martin@gmail.com,+79 387 2127
37,Lucas Smith,Netherlands,enterprise,2022-07-31,lucas.smith@company.com,+85 177 2166
38,Maria Johnson,Sweden,smb,2023-08-11,maria.johnson@gmail.com,+94 567 5166
39,Pierre Rodriguez,Australia,consumer,2023-03-03,pierre.rodriguez@company.com,+68 666 6521
40,James Wilson,USA,consumer,2023-12-24,james.wilson@outlook.com,+3 596 3508
41,Nora Johnson,Spain,enterprise,2023-04-27,nora.johnson@gmail.com,
42,Sophie Rossi,USA,smb,2023-05-04,sophie.rossi@gmail.com,+87 355 3442
43,Maria Wilson,USA,mid-market,2023-07-06,maria.wilson@company.com,+92 796 8734
44,John Muller,Germany,consumer,2021-12-07,john.muller@gmail.com,+65 918 2037
45,Paul Rossi,Netherlands,mid-market,2022-07-15,paul.rossi@gmail.com,
46,Sarah Rossi,Australia,consumer,2023-01-05,sarah.rossi@yahoo.com,
47,Julia Leclerc,Japan,mid-market,2024-06-20,julia.leclerc@gmail.com,+90 671 4143
48,David Muller,Netherlands,consumer,2022-08-17,david.muller@gmail.com,+43 576 3200
49,Carlos Wilson,Japan,smb,2024-03-20,carlos.wilson@gmail.com,
50,Maria Smith,Germany,consumer,2023-08-29,maria.smith@company.com,+58 736 5673
51,Julia Martin,Australia,mid-market,2023-04-03,julia.martin@gmail.com,+29 598 8138
52,Paul Dupont,Australia,consumer,2024-05-09,paul.dupont@gmail.com,+22 616 7123
53,Paul Rossi,France,smb,2023-05-10,paul.rossi@gmail.com,+32 448 8998
54,Paul Wilson,Italy,consumer,2023-11-06,paul.wilson@gmail.com,+36 637 2347
55,Lucas Wilson,Japan,consumer,2021-07-02,lucas.wilson@gmail.com,+91 636 7842
56,Anna Chen,Italy,consumer,2021-06-18,anna.chen@gmail.com,+60 419 4062
57,Emma Johnson,Australia,mid-market,2024-11-26,emma.johnson@gmail.com,+69 873 2148
58,Emma Garcia,Canada,mid-market,2022-07-01,emma.garcia@gmail.com,+83 846 1981
59,Marie Smith,Italy,mid-market,2022-05-06,marie.smith@company.com,+11 724 8584
60,Carlos Smith,USA,mid-market,2023-05-27,carlos.smith@gmail.com,+39 675 9996
61,Lucas Wilson,Spain,smb,2023-01-13,lucas.wilson@gmail.com,+32 302 9923
62,Maria Johnson,Germany,consumer,2021-09-28,maria.johnson@company.com,+28 524 4978
63,Julia Garcia,Italy,consumer,2023-05-27,julia.garcia@company.com,+52 341 7110
64,John Chen,Netherlands,smb,2024-08-30,john.chen@yahoo.com,+68 280 5327
65,James Brown,Italy,consumer,2023-06-04,james.brown@gmail.com,+6 298 9883
66,James Garcia,Germany,consumer,2023-11-25,james.garcia@gmail.com,+50 659 8998
67,John Garcia,UK,consumer,2023-05-20,john.garcia@gmail.com,+70 812 7407
68,Paul Muller,Sweden,mid-market,2023-12-30,paul.muller@gmail.com,
69,James Dupont,USA,smb,2024-04-26,james.dupont@gmail.com,+88 261 8956
70,Pierre Johnson,Germany,consumer,2020-12-15,pierre.johnson@outlook.com,
71,Nora Rodriguez,Australia,mid-market,2024-05-27,nora.rodriguez@gmail.com,+97 614 4062
72,Anna Leclerc,France,smb,2022-01-30,anna.leclerc@outlook.com,+87 560 2095
73,Nora Rossi,Spain,consumer,2022-01-13,nora.rossi@gmail.com,+25 713 5097
74,Marie Rodriguez,Germany,consumer,2022-06-08,marie.rodriguez@gmail.com,+22 818 2085
75,Julia Dupont,France,consumer,2021-04-03,julia.dupont@yahoo.com,+22 518 1355
76,Julia Rodriguez,Italy,consumer,2024-11-25,julia.rodriguez@company.com,+38 918 9469
77,David Muller,Brazil,mid-market,2023-09-16,david.muller@gmail.com,+86 391 1583
78,Sarah Wilson,Germany,mid-market,2024-03-07,sarah.wilson@outlook.com,+80 435 7738
79,Sophie Garcia,USA,smb,2022-08-07,sophie.garcia@gmail.com,+12 700 6276
80,Emma Chen,France,smb,2022-05-13,emma.chen@gmail.com,+91 191 4670
81,Nora Wilson,Netherlands,smb,2021-04-23,nora.wilson@yahoo.com,+98 450 6921
82,Sarah Leclerc,Australia,consumer,2023-05-24,sarah.leclerc@gmail.com,+16 754 3481
83,Sarah Rossi,Germany,smb,2023-12-22,sarah.rossi@gmail.com,+57 890 6948
84,Pierre Martin,UK,consumer,2021-03-15,pierre.martin@outlook.com,
85,Pierre Dupont,Spain,mid-market,2022-03-19,pierre.dupont@gmail.com,+84 294 6906
86,John Smith,Spain,mid-market,2021-11-04,john.smith@gmail.com,+48 388 7449
87,Paul Chen,Germany,mid-market,2023-02-17,paul.chen@gmail.com,+36 357 5762
88,Lisa Johnson,USA,mid-market,2023-02-14,lisa.johnson@company.com,+75 876 6667
89,Lisa Martin,Brazil,consumer,2023-05-11,lisa.martin@outlook.com,+65 808 3422
90,David Garcia,Spain,smb,2021-11-27,david.garcia@gmail.com,+25 535 6678
91,Nora Martin,Spain,mid-market,2024-01-28,nora.martin@gmail.com,+64 238 8024
92,Lucas Wilson,,consumer,2020-12-30,lucas.wilson@outlook.com,+36 888 7518
93,Lucas Johnson,Canada,smb,2024-03-19,lucas.johnson@gmail.com,+97 667 5746
94,Sophie Leclerc,Netherlands,enterprise,2023-01-25,sophie.leclerc@outlook.com,+19 458 8724
95,Carlos Muller,Italy,mid-market,2023-08-28,carlos.muller@yahoo.com,
96,Maria Brown,Germany,mid-market,2022-05-03,maria.brown@gmail.com,+59 665 9853
97,James Leclerc,Japan,consumer,2022-03-08,james.leclerc@gmail.com,+92 577 5990
98,Nora Smith,Australia,mid-market,2021-03-23,nora.smith@gmail.com,+79 143 6356
99,Pierre Smith,USA,enterprise,2021-09-29,pierre.smith@gmail.com,+47 803 8202
100,Pierre Tanaka,Canada,enterprise,2023-12-03,pierre.tanaka@gmail.com,+65 690 7219
101,Pierre Nilsson,Sweden,smb,2024-02-03,pierre.nilsson@company.com,+57 304 3560
102,Lucas Wilson,France,enterprise,2021-05-09,lucas.wilson@gmail.com,+73 655 3140
103,Lucas Rodriguez,Japan,consumer,2022-12-16,lucas.rodriguez@outlook.com,+87 981 6634
104,Paul Tanaka,France,mid-market,2024-07-12,paul.tanaka@yahoo.com,+23 943 3129
105,Anna Chen,USA,consumer,2021-08-08,anna.chen@gmail.com,+43 871 5685
106,Anna Chen,France,smb,2022-04-24,anna.chen@gmail.com,+24 172 4247
107,Paul Johnson,Italy,smb,2024-10-26,paul.johnson@gmail.com,+66 742 3006
108,Lisa Rodriguez,Netherlands,enterprise,2021-10-09,lisa.rodriguez@yahoo.com,+16 730 2431
109,John Smith,Spain,consumer,2022-06-24,john.smith@gmail.com,+7 537 6137
110,Lucas Nilsson,France,consumer,2022-06-13,lucas.nilsson@yahoo.com,+24 289 3120
111,Sophie Johnson,Germany,enterprise,2021-06-10,sophie.johnson@company.com,+34 108 1105
112,Lisa Martin,Australia,mid-market,2022-12-05,lisa.martin@yahoo.com,+37 117 3863
113,Lisa Muller,Canada,consumer,2023-01-24,lisa.muller@company.com,
114,Paul Brown,Japan,smb,2022-06-09,paul.brown@yahoo.com,+61 615 6639
115,Emma Martin,France,mid-market,2024-02-16,emma.martin@company.com,+80 163 2519
116,Lucas Rossi,Japan,mid-market,2024-04-24,lucas.rossi@company.com,+32 718 8854
117,Marie Chen,Sweden,consumer,2021-07-11,marie.chen@yahoo.com,+91 623 4690
118,Lucas Chen,Brazil,consumer,2024-01-21,lucas.chen@company.com,+41 153 5185
119,Maria Johnson,France,smb,2022-11-22,maria.johnson@company.com,+51 287 7910
120,Anna Brown,Canada,consumer,2023-11-02,anna.brown@outlook.com,+80 371 9225
121,Sophie Brown,Italy,smb,2023-12-30,sophie.brown@outlook.com,+11 918 7911
122,John Wilson,USA,mid-market,2022-07-08,john.wilson@outlook.com,+22 684 3796
123,Maria Smith,,smb,2021-09-10,maria.smith@company.com,+79 244 3203
124,Paul Leclerc,Spain,smb,2023-02-22,paul.leclerc@gmail.com,+31 279 3994
125,Paul Dupont,USA,mid-market,2024-05-13,paul.dupont@company.com,+60 669 5984
126,Sophie Johnson,UK,enterprise,2023-12-09,sophie.johnson@yahoo.com,+19 281 9273
127,Carlos Muller,Italy,smb,2024-04-05,carlos.muller@company.com,+25 192 5085
128,Maria Martin,,consumer,2021-05-15,maria.martin@gmail.com,+1 408 8693
129,Maria Smith,,enterprise,2023-08-21,maria.smith@yahoo.com,+27 732 5407
130,Sophie Brown,Brazil,smb,2023-06-02,sophie.brown@yahoo.com,+35 694 6358
131,Paul Martin,Australia,consumer,2024-08-20,paul.martin@company.com,+32 300 9250
132,Anna Nilsson,,consumer,2023-02-16,anna.nilsson@company.com,+17 962 5239
133,Nora Brown,,consumer,2021-03-30,nora.brown@outlook.com,+98 417 6088
134,Lucas Muller,Germany,consumer,2023-04-10,lucas.muller@outlook.com,+61 404 2963
135,James Brown,Japan,consumer,2022-04-20,james.brown@gmail.com,+51 695 3352
136,Anna Dupont,Canada,enterprise,2024-03-10,anna.dupont@company.com,+76 674 2499
137,Sophie Tanaka,UK,smb,2024-05-06,sophie.tanaka@gmail.com,+92 139 6882
138,Sarah Johnson,Italy,consumer,2021-12-23,sarah.johnson@yahoo.com,+44 687 7965
139,Lucas Chen,Brazil,mid-market,2024-08-28,lucas.chen@yahoo.com,+68 685 8567
140,John Smith,Italy,enterprise,2023-02-12,john.smith@gmail.com,+69 831 4625
141,Anna Johnson,UK,mid-market,2023-08-25,anna.johnson@gmail.com,+20 311 6508
142,Maria Johnson,Canada,smb,2024-11-09,maria.johnson@gmail.com,+53 169 2839
143,Lucas Tanaka,Canada,smb,2022-10-14,lucas.tanaka@company.com,
144,Sophie Brown,Spain,mid-market,2021-01-15,sophie.brown@outlook.com,
145,Emma Johnson,Japan,consumer,2024-08-23,emma.johnson@gmail.com,+84 555 8060
146,Paul Rodriguez,Spain,consumer,2021-08-21,paul.rodriguez@yahoo.com,+48 540 6407
147,Nora Muller,Japan,mid-market,2022-10-02,nora.muller@gmail.com,+94 493 6361
148,Emma Garcia,Netherlands,consumer,2022-01-04,emma.garcia@company.com,
149,Julia Johnson,,enterprise,2024-07-14,julia.johnson@gmail.com,+53 890 5209
150,Anna Dupont,France,consumer,2021-06-04,anna.dupont@gmail.com,+62 390 6714
151,Pierre Rossi,Netherlands,consumer,2024-11-16,pierre.rossi@gmail.com,+32 647 8098
152,Marie Nilsson,UK,enterprise,2021-04-09,marie.nilsson@outlook.com,+43 485 3898
153,Emma Smith,Germany,consumer,2022-04-11,emma.smith@outlook.com,
154,Anna Garcia,Germany,consumer,2023-07-25,anna.garcia@yahoo.com,+3 198 1067
155,Pierre Smith,Canada,consumer,2024-11-22,pierre.smith@outlook.com,+84 865 1611
156,Maria Wilson,France,consumer,2022-06-18,maria.wilson@gmail.com,+5 802 5722
157,John Rodriguez,Japan,smb,2024-07-27,john.rodriguez@gmail.com,+31 652 3127
158,Carlos Wilson,Australia,enterprise,2022-06-22,carlos.wilson@gmail.com,+20 430 9060
159,Lisa Chen,USA,consumer,2021-10-23,lisa.chen@company.com,+76 270 6054
160,Nora Chen,Netherlands,consumer,2023-11-06,nora.chen@gmail.com,
161,Pierre Smith,Brazil,consumer,2023-12-18,pierre.smith@company.com,+13 316 2967
162,James Nilsson,Spain,smb,2024-01-11,james.nilsson@gmail.com,+15 257 3845
163,Nora Rodriguez,Sweden,smb,2024-01-07,nora.rodriguez@gmail.com,+55 457 4786
164,Carlos Dupont,Spain,mid-market,2024-06-18,carlos.dupont@gmail.com,+25 235 9989
165,Sophie Garcia,Italy,consumer,2023-12-01,sophie.garcia@gmail.com,+59 306 8289
166,Emma Leclerc,Italy,enterprise,2022-04-08,emma.leclerc@yahoo.com,+82 969 2431
167,Anna Rossi,Japan,consumer,2023-09-15,anna.rossi@outlook.com,+63 981 8259
168,Lucas Rossi,Netherlands,consumer,2021-10-12,lucas.rossi@gmail.com,+23 902 4794
169,Nora Muller,Spain,smb,2021-08-16,nora.muller@yahoo.com,+48 602 7941
170,Carlos Tanaka,Canada,smb,2021-11-10,carlos.tanaka@outlook.com,+12 584 8350
171,Maria Muller,Japan,mid-market,2022-10-01,maria.muller@company.com,+54 346 1506
172,James Garcia,Canada,consumer,2023-08-26,james.garcia@company.com,+54 732 5946
173,David Rodriguez,Sweden,consumer,2021-03-07,david.rodriguez@yahoo.com,+96 641 5573
174,Nora Tanaka,Spain,smb,2024-02-05,nora.tanaka@company.com,+6 602 2517
175,Sophie Martin,Japan,mid-market,2023-01-20,sophie.martin@yahoo.com,+72 244 9159
176,Emma Dupont,UK,mid-market,2023-02-05,emma.dupont@outlook.com,+30 490 2304
177,Anna Johnson,UK,smb,2021-12-02,anna.johnson@yahoo.com,+21 928 3552
178,Nora Tanaka,Italy,consumer,2022-09-21,nora.tanaka@gmail.com,+51 982 6611
179,Sophie Nilsson,Canada,consumer,2021-09-14,sophie.nilsson@yahoo.com,+5 421 4481
180,John Chen,Brazil,mid-market,2021-03-22,john.chen@company.com,+28 316 5528
181,Julia Nilsson,Spain,consumer,2023-05-08,julia.nilsson@gmail.com,
182,Carlos Nilsson,Italy,smb,2021-05-27,carlos.nilsson@company.com,+34 305 5074
183,John Garcia,UK,consumer,2024-03-28,john.garcia@company.com,
184,Lucas Muller,Netherlands,mid-market,2021-03-27,lucas.muller@gmail.com,
185,Marie Chen,Spain,consumer,2024-03-16,marie.chen@outlook.com,+40 538 5272
186,Pierre Wilson,,consumer,2021-07-02,pierre.wilson@company.com,
187,Sarah Leclerc,Spain,mid-market,2023-05-09,sarah.leclerc@company.com,+90 744 8574
188,David Smith,UK,consumer,2021-01-15,david.smith@gmail.com,+18 472 6231
189,Lisa Chen,Canada,consumer,2024-05-27,lisa.chen@gmail.com,+43 474 4237
190,Sarah Rodriguez,Spain,mid-market,2023-01-18,sarah.rodriguez@yahoo.com,+6 870 9396
191,Marie Tanaka,USA,enterprise,2021-04-17,marie.tanaka@gmail.com,+8 471 5659
192,Nora Rodriguez,Spain,consumer,2024-09-24,nora.rodriguez@gmail.com,+77 987 4746
193,Marie Smith,Brazil,mid-market,2023-11-09,marie.smith@gmail.com,+74 942 8471
194,John Rossi,France,enterprise,2024-08-02,john.rossi@gmail.com,+29 834 4709
195,David Martin,UK,smb,2023-08-18,david.martin@outlook.com,+2 782 8517
196,Lisa Martin,,consumer,2023-05-09,lisa.martin@yahoo.com,
197,Pierre Brown,Brazil,mid-market,2022-06-07,pierre.brown@outlook.com,+12 994 1203
198,Lisa Nilsson,Sweden,mid-market,2023-11-20,lisa.nilsson@yahoo.com,+55 113 7203
199,Marie Martin,Canada,consumer,2024-04-13,marie.martin@gmail.com,+89 678 6454
200,Anna Muller,Spain,smb,2024-03-28,anna.muller@gmail.com,+82 975 8755
201,Nora Chen,Australia,consumer,2021-02-22,nora.chen@gmail.com,+23 606 8368
202,Pierre Tanaka,Germany,smb,2021-01-31,pierre.tanaka@gmail.com,+29 707 1205
203,Lucas Garcia,Japan,consumer,2024-01-12,lucas.garcia@gmail.com,+86 652 7687
204,Sarah Martin,Brazil,consumer,2024-02-19,sarah.martin@gmail.com,+81 296 5054
205,David Dupont,Japan,enterprise,2024-09-14,david.dupont@gmail.com,+85 248 8401
206,Sophie Rodriguez,Japan,consumer,2021-01-22,sophie.rodriguez@gmail.com,+29 617 5589
207,Anna Smith,Brazil,smb,2022-01-29,anna.smith@yahoo.com,+68 852 4140
208,Marie Wilson,UK,mid-market,2021-11-10,marie.wilson@outlook.com,+17 480 6508
209,Nora Smith,Brazil,mid-market,2023-10-02,nora.smith@company.com,+74 777 4059
210,Anna Garcia,Japan,consumer,2022-05-05,anna.garcia@yahoo.com,+92 174 2050
211,David Wilson,Canada,enterprise,2024-09-06,david.wilson@outlook.com,+3 932 2620
212,Paul Brown,Canada,mid-market,2022-03-15,paul.brown@gmail.com,
213,Sarah Martin,Germany,mid-market,2022-08-03,sarah.martin@outlook.com,+93 148 4663
214,Julia Rossi,Netherlands,smb,2023-08-03,julia.rossi@gmail.com,+50 725 6603
215,Marie Chen,,smb,2022-01-23,marie.chen@gmail.com,+55 375 1958
216,John Chen,,smb,2022-04-27,john.chen@gmail.com,+43 333 5988
217,Julia Smith,Canada,mid-market,2023-02-26,julia.smith@gmail.com,+79 596 6246
218,Sarah Smith,USA,enterprise,2024-03-03,sarah.smith@gmail.com,+5 679 4954
219,James Nilsson,Netherlands,consumer,2024-10-29,james.nilsson@yahoo.com,+13 292 8025
220,John Leclerc,Canada,smb,2021-02-23,john.leclerc@company.com,+90 556 9788
221,Nora Muller,Australia,consumer,2023-10-16,nora.muller@yahoo.com,
222,Sophie Johnson,Spain,enterprise,2023-09-16,sophie.johnson@outlook.com,+18 692 2975
223,Emma Wilson,France,enterprise,2022-03-07,emma.wilson@outlook.com,+33 529 4239
224,Pierre Tanaka,Canada,mid-market,2023-11-23,pierre.tanaka@gmail.com,+86 974 5499
225,Emma Muller,Canada,smb,2023-05-30,emma.muller@yahoo.com,+52 149 3107
226,Nora Nilsson,Brazil,smb,2022-01-22,nora.nilsson@outlook.com,+4 870 3046
227,Lucas Dupont,Canada,consumer,2022-07-11,lucas.dupont@gmail.com,+34 857 7418
228,James Garcia,USA,smb,2022-04-13,james.garcia@gmail.com,+61 134 6066
229,Sophie Brown,Netherlands,smb,2024-11-26,sophie.brown@company.com,+55 386 7703
230,Julia Smith,USA,smb,2023-02-08,julia.smith@outlook.com,+92 332 3980
231,Lisa Smith,Canada,enterprise,2023-01-04,lisa.smith@outlook.com,+32 850 1699
232,Lisa Leclerc,Sweden,smb,2022-05-18,lisa.leclerc@outlook.com,+88 796 5349
233,Marie Tanaka,Australia,smb,2024-04-24,marie.tanaka@gmail.com,+58 903 7927
234,Sophie Brown,Brazil,smb,2024-04-12,sophie.brown@outlook.com,+28 145 6925
235,Sophie Tanaka,USA,enterprise,2021-11-08,sophie.tanaka@gmail.com,+15 179 9839
236,Lisa Rossi,USA,consumer,2022-03-19,lisa.rossi@gmail.com,+47 685 2955
237,Sarah Johnson,Spain,consumer,2021-08-28,sarah.johnson@yahoo.com,+10 156 4188
238,Maria Chen,Sweden,enterprise,2023-11-01,maria.chen@gmail.com,+1 477 3922
239,Julia Dupont,France,consumer,2020-11-27,julia.dupont@yahoo.com,+52 629 3775
240,Maria Smith,Australia,consumer,2023-10-28,maria.smith@gmail.com,+45 170 3715
241,Anna Rossi,Germany,mid-market,2022-04-21,anna.rossi@yahoo.com,+96 991 5371
242,Anna Rossi,Italy,consumer,2024-04-08,anna.rossi@outlook.com,+93 550 2130
243,Lucas Rodriguez,Germany,consumer,2021-03-23,lucas.rodriguez@yahoo.com,+86 473 6511
244,Pierre Garcia,Italy,consumer,2023-08-02,pierre.garcia@outlook.com,+64 376 7600
245,Paul Brown,Italy,consumer,2021-09-10,paul.brown@company.com,+50 429 3680
246,David Nilsson,USA,enterprise,2023-08-04,david.nilsson@outlook.com,+74 324 2117
247,Paul Brown,Brazil,smb,2021-09-27,paul.brown@yahoo.com,+87 398 6768
248,Anna Leclerc,Japan,smb,2023-02-04,anna.leclerc@yahoo.com,+71 853 6630
249,John Leclerc,Canada,mid-market,2024-09-02,john.leclerc@gmail.com,+70 852 9489
250,David Leclerc,UK,mid-market,2024-02-27,david.leclerc@gmail.com,+5 768 2569
251,John Wilson,Australia,consumer,2022-03-04,john.wilson@gmail.com,+88 143 3220
252,Nora Nilsson,Australia,enterprise,2024-02-23,nora.nilsson@gmail.com,
253,Anna Johnson,Canada,smb,2023-10-25,anna.johnson@gmail.com,+2 553 9744
254,Emma Rodriguez,Spain,consumer,2022-09-28,emma.rodriguez@gmail.com,+52 500 6920
255,Anna Rodriguez,Australia,mid-market,2023-11-27,anna.rodriguez@outlook.com,+55 446 6296
256,Nora Chen,Brazil,smb,2024-05-27,nora.chen@gmail.com,+1 319 7064
257,Julia Rossi,USA,consumer,2022-05-30,julia.rossi@company.com,+34 148 2119
258,Nora Smith,UK,smb,2022-02-24,nora.smith@gmail.com,+85 396 1203
259,David Dupont,,mid-market,2021-12-21,david.dupont@yahoo.com,+72 576 5062
260,Lucas Brown,France,enterprise,2021-02-14,lucas.brown@gmail.com,+88 382 6151
261,Pierre Martin,Italy,consumer,2024-06-02,pierre.martin@outlook.com,+74 646 2871
262,Carlos Rossi,Japan,mid-market,2023-03-16,carlos.rossi@gmail.com,+67 768 2101
263,Pierre Muller,France,smb,2023-12-25,pierre.muller@yahoo.com,+17 706 2070
264,David Martin,Italy,enterprise,2021-04-18,david.martin@gmail.com,+87 198 9767
265,David Nilsson,Germany,smb,2022-10-01,david.nilsson@company.com,+66 498 3415
266,James Martin,Brazil,consumer,2024-07-11,james.martin@gmail.com,+34 772 7779
267,Sophie Rodriguez,Germany,smb,2022-02-19,sophie.rodriguez@outlook.com,+21 588 9935
268,James Martin,Canada,consumer,2024-09-30,james.martin@gmail.com,+26 723 2549
269,Lucas Smith,USA,mid-market,2023-10-26,lucas.smith@outlook.com,+82 253 3678
270,Emma Dupont,Canada,smb,2022-01-07,emma.dupont@outlook.com,+45 433 2530
271,Lisa Dupont,Japan,consumer,2022-11-20,lisa.dupont@gmail.com,
272,Carlos Martin,Australia,smb,2021-11-10,carlos.martin@gmail.com,+6 400 9368
273,Julia Dupont,Australia,mid-market,2022-08-16,julia.dupont@gmail.com,
274,Sarah Brown,Germany,consumer,2021-07-12,sarah.brown@gmail.com,+8 908 5060
275,Emma Wilson,Canada,smb,2022-08-29,emma.wilson@company.com,+86 320 2270
276,Paul Leclerc,Netherlands,smb,2024-09-10,paul.leclerc@gmail.com,+95 785 9197
277,Julia Muller,Canada,consumer,2024-08-20,julia.muller@gmail.com,+32 463 6194
278,Nora Garcia,Australia,mid-market,2021-10-17,nora.garcia@company.com,+44 318 4375
279,Lisa Nilsson,Brazil,mid-market,2024-10-07,lisa.nilsson@gmail.com,
280,Paul Rossi,Spain,enterprise,2023-05-29,paul.rossi@gmail.com,+29 163 2103
281,Emma Dupont,France,smb,2024-11-09,emma.dupont@yahoo.com,+49 192 4103
282,Lucas Martin,France,mid-market,2023-09-14,lucas.martin@company.com,+55 885 1888
283,David Rodriguez,Spain,consumer,2022-07-12,david.rodriguez@yahoo.com,+43 192 4856
284,Carlos Rodriguez,Japan,mid-market,2024-03-23,carlos.rodriguez@outlook.com,+48 818 4980
285,Maria Garcia,Brazil,consumer,2023-01-17,maria.garcia@company.com,+92 223 1478
286,Nora Leclerc,Italy,mid-market,2020-11-29,nora.leclerc@gmail.com,+1 420 2736
287,Anna Dupont,Germany,smb,2024-08-21,anna.dupont@company.com,+9 312 9773
288,Marie Leclerc,Brazil,smb,2024-08-31,marie.leclerc@company.com,+79 116 9238
289,David Garcia,Netherlands,consumer,2023-10-31,david.garcia@company.com,+21 464 3948
290,David Smith,Canada,smb,2021-08-05,david.smith@gmail.com,+40 783 7411
291,John Rossi,Sweden,smb,2023-04-16,john.rossi@gmail.com,+59 663 7547
292,John Dupont,,consumer,2022-05-07,john.dupont@yahoo.com,+19 455 1969
293,Sarah Nilsson,Australia,smb,2024-10-14,sarah.nilsson@outlook.com,+70 493 6734
294,Lisa Smith,Italy,mid-market,2021-12-18,lisa.smith@outlook.com,+56 345 2248
295,Julia Rossi,Canada,consumer,2024-08-25,julia.rossi@company.com,+96 363 1985
296,Paul Nilsson,Spain,smb,2022-01-21,paul.nilsson@outlook.com,+30 911 3351
297,Carlos Tanaka,France,enterprise,2024-04-29,carlos.tanaka@gmail.com,+97 514 8755
298,Pierre Rossi,,smb,2021-06-20,pierre.rossi@gmail.com,+65 139 5583
299,James Chen,France,mid-market,2023-09-24,james.chen@gmail.com,+41 281 5949
300,Maria Brown,France,mid-market,2024-03-07,maria.brown@gmail.com,+11 727 8396
301,James Chen,Australia,consumer,2023-07-27,james.chen@gmail.com,+10 530 6895
302,Lisa Smith,,mid-market,2024-12-01,lisa.smith@company.com,+7 450 3322
303,Julia Garcia,Germany,consumer,2024-04-04,julia.garcia@yahoo.com,+4 822 5001
304,Pierre Garcia,Australia,consumer,2022-07-07,pierre.garcia@outlook.com,+74 627 8881
305,Nora Nilsson,USA,consumer,2023-09-17,nora.nilsson@gmail.com,+98 641 4169
306,Julia Johnson,UK,consumer,2023-07-01,julia.johnson@yahoo.com,+42 842 4839
307,Paul Leclerc,Sweden,consumer,2021-09-03,paul.leclerc@company.com,+51 274 9909
308,Maria Brown,UK,consumer,2024-06-04,maria.brown@company.com,+64 396 6265
309,Carlos Rodriguez,Sweden,smb,2023-05-01,carlos.rodriguez@outlook.com,+40 239 8871
310,Marie Smith,Australia,mid-market,2024-03-04,marie.smith@company.com,+87 850 4315
311,Sarah Johnson,USA,smb,2022-12-24,sarah.johnson@outlook.com,+26 144 7583
312,Sophie Leclerc,USA,smb,2023-08-03,sophie.leclerc@outlook.com,
313,James Rodriguez,Canada,mid-market,2024-09-26,james.rodriguez@company.com,+13 924 2262
314,Pierre Leclerc,Brazil,consumer,2024-08-21,pierre.leclerc@gmail.com,+49 526 9606
315,Emma Leclerc,,enterprise,2021-06-29,emma.leclerc@gmail.com,+65 886 6361
316,Lisa Muller,Italy,consumer,2024-09-10,lisa.muller@gmail.com,+81 866 8736
317,Sarah Leclerc,Italy,mid-market,2021-10-09,sarah.leclerc@outlook.com,+41 443 9862
318,Sophie Wilson,Sweden,enterprise,2021-03-27,sophie.wilson@outlook.com,+75 924 6195
319,Carlos Muller,,enterprise,2023-01-18,carlos.muller@yahoo.com,+92 746 7682
320,Paul Tanaka,France,mid-market,2023-09-01,paul.tanaka@gmail.com,+18 609 7581
321,Maria Nilsson,Netherlands,mid-market,2021-10-18,maria.nilsson@gmail.com,+75 960 3942
322,Julia Johnson,Sweden,enterprise,2020-12-20,julia.johnson@company.com,+30 971 9874
323,Paul Muller,France,mid-market,2024-06-08,paul.muller@gmail.com,
324,Lucas Garcia,Spain,mid-market,2021-01-15,lucas.garcia@company.com,+20 804 2010
325,Nora Rossi,Japan,smb,2021-02-14,nora.rossi@gmail.com,+18 805 6466
326,Lucas Wilson,Netherlands,smb,2024-05-07,lucas.wilson@outlook.com,+55 870 3763
327,Carlos Rossi,,mid-market,2024-09-13,carlos.rossi@outlook.com,+50 646 7658
328,Emma Garcia,USA,mid-market,2022-01-17,emma.garcia@company.com,+33 669 5034
329,Paul Brown,Brazil,enterprise,2024-08-10,paul.brown@gmail.com,+54 875 4542
330,John Muller,Italy,enterprise,2022-07-03,john.muller@company.com,+66 946 7860
331,Sophie Chen,Canada,mid-market,2024-08-29,sophie.chen@outlook.com,
332,Marie Martin,Brazil,consumer,2022-02-21,marie.martin@outlook.com,+98 679 3172
333,James Wilson,Canada,consumer,2023-12-28,james.wilson@outlook.com,+32 335 8501
334,Emma Nilsson,Germany,consumer,2024-07-14,emma.nilsson@gmail.com,+10 765 5985
335,David Smith,Italy,smb,2024-08-27,david.smith@outlook.com,+8 651 7777
336,Nora Brown,France,smb,2024-02-29,nora.brown@gmail.com,+72 575 4018
337,Maria Smith,Brazil,mid-market,2022-09-30,maria.smith@gmail.com,+17 111 4235
338,James Chen,Germany,consumer,2024-08-12,james.chen@outlook.com,+62 133 9987
339,James Smith,Italy,consumer,2021-09-10,james.smith@outlook.com,+58 364 9657
340,Emma Tanaka,Spain,consumer,2022-06-28,emma.tanaka@gmail.com,+19 960 3535
341,Lisa Smith,Germany,consumer,2023-09-22,lisa.smith@gmail.com,+38 482 9952
342,Nora Tanaka,France,smb,2020-12-13,nora.tanaka@gmail.com,+25 974 4122
343,Sophie Rossi,Brazil,consumer,2022-04-09,sophie.rossi@gmail.com,+28 673 7243
344,Sarah Brown,Canada,consumer,2022-03-21,sarah.brown@outlook.com,+34 220 4564
345,Lucas Chen,Germany,mid-market,2024-03-22,lucas.chen@gmail.com,+53 135 1707
346,Nora Rossi,Spain,consumer,2022-01-23,nora.rossi@company.com,+90 132 4661
347,David Tanaka,Germany,enterprise,2022-09-02,david.tanaka@gmail.com,+75 395 5452
348,John Rodriguez,Japan,consumer,2020-12-16,john.rodriguez@gmail.com,+9 814 6707
349,Lisa Brown,Spain,consumer,2022-12-31,lisa.brown@company.com,
350,Marie Smith,Canada,enterprise,2022-03-12,marie.smith@gmail.com,+5 411 2307
351,Emma Brown,Germany,consumer,2023-07-20,emma.brown@gmail.com,+53 231 9296
352,Sophie Martin,USA,enterprise,2024-10-04,sophie.martin@company.com,+60 327 9290
353,Sophie Garcia,Brazil,consumer,2024-05-28,sophie.garcia@company.com,+76 493 2318
354,Marie Brown,Netherlands,consumer,2021-06-07,marie.brown@yahoo.com,+34 625 7891
355,Lucas Johnson,Canada,consumer,2021-12-13,lucas.johnson@gmail.com,
356,Maria Garcia,Australia,consumer,2023-06-15,maria.garcia@outlook.com,+25 501 2447
357,Lisa Chen,,enterprise,2022-02-11,lisa.chen@company.com,+40 421 3520
358,David Rossi,,mid-market,2024-11-26,david.rossi@company.com,+77 398 7254
359,Emma Johnson,Spain,smb,2024-10-09,emma.johnson@gmail.com,+71 698 3423
360,Carlos Brown,Italy,enterprise,2022-11-18,carlos.brown@gmail.com,+82 312 3493
361,Sophie Tanaka,France,smb,2022-05-29,sophie.tanaka@gmail.com,
362,Julia Smith,Italy,mid-market,2021-02-24,julia.smith@gmail.com,+5 652 8817
363,Paul Smith,Spain,smb,2021-11-12,paul.smith@yahoo.com,+70 623 8640
364,Lisa Smith,USA,smb,2023-11-20,lisa.smith@gmail.com,+30 438 1624
365,Lucas Wilson,Germany,consumer,2021-08-22,lucas.wilson@gmail.com,+69 750 7761
366,Lisa Leclerc,Brazil,mid-market,2022-12-11,lisa.leclerc@gmail.com,+74 214 6994
367,David Chen,Spain,consumer,2021-08-06,david.chen@outlook.com,+75 283 5287
368,Carlos Wilson,Canada,smb,2024-03-22,carlos.wilson@gmail.com,+90 472 7777
369,Lisa Muller,Italy,mid-market,2024-10-25,lisa.muller@gmail.com,+52 691 6637
370,Lisa Nilsson,Canada,smb,2024-09-09,lisa.nilsson@gmail.com,
371,Julia Chen,Netherlands,smb,2020-12-07,julia.chen@company.com,+29 934 6650
372,Maria Rodriguez,USA,mid-market,2024-08-06,maria.rodriguez@gmail.com,+59 394 4749
373,Paul Leclerc,Germany,smb,2021-02-21,paul.leclerc@outlook.com,+64 426 3585
374,Emma Muller,Sweden,mid-market,2021-12-30,emma.muller@gmail.com,+81 473 6800
375,Pierre Martin,Brazil,smb,2024-05-02,pierre.martin@gmail.com,+4 169 8632
376,Nora Martin,UK,smb,2021-06-11,nora.martin@gmail.com,+14 815 9100
377,John Tanaka,Brazil,smb,2024-05-05,john.tanaka@gmail.com,+48 895 4844
378,Emma Johnson,Australia,consumer,2024-05-06,emma.johnson@gmail.com,+94 313 4850
379,Lisa Leclerc,Spain,mid-market,2022-08-09,lisa.leclerc@outlook.com,+39 804 1393
380,Sophie Chen,USA,consumer,2023-10-06,sophie.chen@yahoo.com,+82 121 3840
381,Sophie Garcia,UK,consumer,2023-10-02,sophie.garcia@gmail.com,
382,Nora Tanaka,Canada,consumer,2024-02-20,nora.tanaka@gmail.com,+98 840 1271
383,Pierre Chen,Japan,consumer,2022-06-23,pierre.chen@outlook.com,+58 637 1613
384,James Johnson,Australia,mid-market,2024-10-24,james.johnson@gmail.com,+64 568 7135
385,Sophie Leclerc,Australia,smb,2023-12-08,sophie.leclerc@gmail.com,+30 329 7622
386,Maria Tanaka,France,mid-market,2022-09-11,maria.tanaka@gmail.com,+71 245 2947
387,Marie Chen,UK,consumer,2022-12-18,marie.chen@gmail.com,+58 845 2815
388,Julia Tanaka,USA,smb,2022-02-08,julia.tanaka@outlook.com,+22 826 7269
389,Sarah Smith,USA,mid-market,2024-01-20,sarah.smith@company.com,+89 804 9578
390,Anna Rossi,Australia,consumer,2022-04-25,anna.rossi@company.com,+19 344 3141
391,David Brown,Canada,enterprise,2021-11-11,david.brown@company.com,+6 800 6955
392,John Smith,France,smb,2023-05-12,john.smith@gmail.com,+9 278 2716
393,Lucas Brown,Sweden,consumer,2023-11-21,lucas.brown@gmail.com,+40 509 3600
394,Marie Wilson,Brazil,enterprise,2022-09-09,marie.wilson@gmail.com,+92 291 6056
395,Emma Dupont,USA,smb,2022-08-05,emma.dupont@gmail.com,+43 448 8431
396,John Johnson,Australia,consumer,2024-07-17,john.johnson@gmail.com,+96 105 5172
397,Lisa Rossi,Australia,enterprise,2022-08-25,lisa.rossi@gmail.com,
398,Sarah Muller,Brazil,smb,2024-04-20,sarah.muller@outlook.com,+41 377 3809
399,Nora Johnson,Sweden,mid-market,2022-08-19,nora.johnson@gmail.com,+30 392 4365
400,Pierre Johnson,Spain,consumer,2021-03-04,pierre.johnson@gmail.com,
401,Marie Muller,Japan,enterprise,2022-10-05,marie.muller@yahoo.com,
402,Emma Nilsson,Italy,consumer,2021-11-09,emma.nilsson@gmail.com,+20 661 4457
403,Lisa Chen,Canada,consumer,2023-09-04,lisa.chen@company.com,
404,Emma Smith,USA,mid-market,2021-03-17,emma.smith@gmail.com,+55 452 7563
405,Sarah Tanaka,Germany,mid-market,2021-08-26,sarah.tanaka@outlook.com,
406,Marie Nilsson,,smb,2021-03-26,marie.nilsson@gmail.com,
407,Maria Rodriguez,UK,consumer,2021-12-08,maria.rodriguez@outlook.com,+50 835 9079
408,Paul Rossi,UK,smb,2022-04-23,paul.rossi@gmail.com,+27 198 7971
409,Marie Smith,Japan,mid-market,2022-10-23,marie.smith@gmail.com,+68 397 6341
410,Maria Tanaka,Germany,enterprise,2021-03-09,maria.tanaka@outlook.com,+19 729 7545
411,Marie Wilson,Brazil,consumer,2021-07-05,marie.wilson@gmail.com,+30 521 4006
412,Sophie Wilson,UK,smb,2023-03-31,sophie.wilson@gmail.com,+4 214 9638
413,James Smith,Germany,consumer,2024-07-30,james.smith@company.com,+45 232 1398
414,Maria Nilsson,Canada,smb,2024-11-27,maria.nilsson@gmail.com,+35 983 4462
415,Julia Dupont,Germany,consumer,2023-12-25,julia.dupont@outlook.com,+98 539 7874
416,Carlos Rodriguez,France,enterprise,2024-09-02,carlos.rodriguez@outlook.com,+77 125 1054
417,Lucas Martin,Sweden,enterprise,2024-01-27,lucas.martin@gmail.com,+91 938 2193
418,Julia Chen,Australia,consumer,2024-06-25,julia.chen@outlook.com,+64 930 9554
419,Paul Martin,France,consumer,2020-12-21,paul.martin@gmail.com,+30 834 6816
420,Marie Nilsson,Sweden,mid-market,2024-07-15,marie.nilsson@yahoo.com,+91 231 6408
421,Anna Wilson,Brazil,smb,2022-05-26,anna.wilson@gmail.com,+3 421 1102
422,David Dupont,Japan,smb,2023-07-04,david.dupont@gmail.com,+44 829 6921
423,Marie Dupont,France,smb,2024-03-21,marie.dupont@gmail.com,+32 483 4306
424,Sophie Dupont,Canada,mid-market,2022-02-06,sophie.dupont@company.com,+72 339 1826
425,Julia Brown,Netherlands,consumer,2021-01-06,julia.brown@yahoo.com,
426,Nora Rossi,Australia,mid-market,2021-09-27,nora.rossi@company.com,+21 141 9494
427,Nora Rodriguez,Spain,consumer,2020-12-30,nora.rodriguez@yahoo.com,+75 239 1665
428,Anna Rossi,Canada,enterprise,2022-07-19,anna.rossi@yahoo.com,+13 438 8306
429,Carlos Dupont,Netherlands,enterprise,2022-03-18,carlos.dupont@outlook.com,+16 836 1017
430,Maria Rossi,France,consumer,2024-05-01,maria.rossi@company.com,+73 353 9643
431,Nora Nilsson,Canada,mid-market,2021-06-28,nora.nilsson@outlook.com,+47 343 3186
432,John Chen,Japan,consumer,2021-11-29,john.chen@gmail.com,+82 462 4168
433,Julia Wilson,UK,enterprise,2023-11-25,julia.wilson@outlook.com,
434,Julia Rossi,Brazil,consumer,2023-06-30,julia.rossi@outlook.com,+44 157 1052
435,Lucas Dupont,Spain,consumer,2022-06-18,lucas.dupont@gmail.com,+4 616 5622
436,Lucas Martin,Brazil,consumer,2024-11-13,lucas.martin@gmail.com,+74 904 2570
437,John Smith,Canada,mid-market,2021-08-18,john.smith@gmail.com,+94 937 6542
438,Lisa Garcia,Australia,mid-market,2023-10-17,lisa.garcia@company.com,+52 258 2604
439,Emma Chen,Germany,smb,2024-08-14,emma.chen@gmail.com,+2 680 4897
440,Emma Brown,,smb,2023-08-05,emma.brown@company.com,+19 220 1571
441,John Rossi,Italy,mid-market,2021-07-23,john.rossi@gmail.com,+63 716 6684
442,Lucas Martin,Sweden,enterprise,2023-10-26,lucas.martin@yahoo.com,+11 137 1955
443,Julia Chen,Japan,smb,2022-10-02,julia.chen@gmail.com,+74 765 3653
444,Marie Martin,Italy,mid-market,2021-08-27,marie.martin@company.com,+6 387 8287
445,Marie Rodriguez,Italy,smb,2024-10-14,marie.rodriguez@outlook.com,+15 815 5169
446,John Wilson,Italy,mid-market,2021-11-11,john.wilson@gmail.com,+14 939 5664
447,Emma Tanaka,Australia,mid-market,2023-10-05,emma.tanaka@gmail.com,+66 186 4344
448,Lisa Brown,Spain,consumer,2022-02-14,lisa.brown@gmail.com,+62 680 1566
449,Emma Dupont,UK,smb,2024-03-01,emma.dupont@gmail.com,+60 949 8076
450,John Brown,Spain,smb,2024-05-12,john.brown@yahoo.com,+21 920 7145
451,Marie Dupont,Germany,smb,2021-10-01,marie.dupont@company.com,+6 215 9290
452,Carlos Nilsson,Spain,consumer,2021-09-02,carlos.nilsson@yahoo.com,+21 186 5058
453,Lucas Wilson,France,smb,2020-12-21,lucas.wilson@outlook.com,+52 615 6929
454,Sarah Martin,France,smb,2022-03-13,sarah.martin@gmail.com,
455,Pierre Smith,Sweden,consumer,2023-01-18,pierre.smith@company.com,+9 100 4556
456,Paul Martin,USA,smb,2024-02-20,paul.martin@company.com,+35 939 4295
457,Sarah Tanaka,Brazil,consumer,2023-09-26,sarah.tanaka@gmail.com,
458,James Johnson,Japan,consumer,2022-04-25,james.johnson@company.com,+90 796 8923
459,Emma Chen,Sweden,enterprise,2023-07-13,emma.chen@gmail.com,
460,Anna Brown,Italy,smb,2022-12-23,anna.brown@company.com,+41 665 7712
461,Julia Brown,Germany,consumer,2024-03-30,julia.brown@company.com,+50 381 9246
462,Lucas Martin,Canada,consumer,2023-02-26,lucas.martin@yahoo.com,+65 896 3134
463,Carlos Tanaka,Australia,smb,2023-12-19,carlos.tanaka@gmail.com,+83 390 5143
464,Emma Muller,Netherlands,enterprise,2024-06-21,emma.muller@outlook.com,+85 418 3254
465,Sarah Brown,France,smb,2024-05-23,sarah.brown@gmail.com,+90 966 3799
466,Emma Wilson,USA,mid-market,2022-11-02,emma.wilson@yahoo.com,+31 304 1211
467,Anna Wilson,UK,consumer,2023-06-13,anna.wilson@gmail.com,+55 329 8640
468,Lucas Tanaka,France,smb,2024-07-09,lucas.tanaka@yahoo.com,+17 671 5560
469,Sophie Martin,Australia,consumer,2022-11-07,sophie.martin@company.com,+60 201 5198
470,Lucas Garcia,Germany,consumer,2024-04-05,lucas.garcia@gmail.com,+62 406 8873
471,Lisa Leclerc,UK,consumer,2024-11-10,lisa.leclerc@gmail.com,+52 425 1277
472,David Johnson,Canada,consumer,2024-05-22,david.johnson@outlook.com,+17 528 4599
473,Sophie Smith,Japan,consumer,2023-02-12,sophie.smith@gmail.com,+86 806 2430
474,Nora Smith,Germany,consumer,2021-01-30,nora.smith@gmail.com,+58 508 1910
475,Nora Rodriguez,Spain,consumer,2023-12-13,nora.rodriguez@gmail.com,+66 582 1787
476,John Muller,Brazil,enterprise,2023-10-11,john.muller@gmail.com,+46 757 3943
477,James Leclerc,Netherlands,smb,2023-12-12,james.leclerc@outlook.com,+35 199 2838
478,Paul Brown,Canada,mid-market,2023-06-29,paul.brown@outlook.com,+97 658 2584
479,Sarah Brown,Australia,consumer,2022-01-13,sarah.brown@gmail.com,+48 273 4984
480,Nora Leclerc,Canada,consumer,2023-08-17,nora.leclerc@outlook.com,+15 656 6131
481,Sophie Leclerc,USA,smb,2022-04-11,sophie.leclerc@gmail.com,+63 498 3573
482,Julia Rodriguez,Germany,mid-market,2021-04-22,julia.rodriguez@gmail.com,+25 293 4864
483,Nora Brown,Brazil,mid-market,2021-02-11,nora.brown@yahoo.com,
484,James Muller,USA,consumer,2022-08-28,james.muller@gmail.com,+28 866 9236
485,David Dupont,,mid-market,2022-01-19,david.dupont@outlook.com,+92 375 2234
486,Anna Leclerc,France,enterprise,2021-03-22,anna.leclerc@company.com,
487,Lucas Johnson,Canada,consumer,2021-10-03,lucas.johnson@outlook.com,+87 828 7567
488,Sophie Rodriguez,USA,consumer,2023-09-19,sophie.rodriguez@outlook.com,+34 527 8572
489,John Brown,,mid-market,2024-05-22,john.brown@gmail.com,+80 566 8537
490,Pierre Garcia,Germany,mid-market,2024-06-17,pierre.garcia@gmail.com,+34 471 8555
491,James Wilson,France,consumer,2021-05-16,james.wilson@gmail.com,+37 776 5079
492,Emma Wilson,Brazil,consumer,2022-09-07,emma.wilson@yahoo.com,+30 296 6459
493,James Wilson,Spain,consumer,2023-09-24,james.wilson@company.com,+48 432 7687
494,James Muller,Australia,mid-market,2023-07-14,james.muller@gmail.com,+1 182 9655
495,Carlos Rossi,UK,mid-market,2023-10-15,carlos.rossi@gmail.com,+66 594 1132
496,Pierre Garcia,Brazil,enterprise,2021-09-11,pierre.garcia@gmail.com,+59 490 6398
497,Carlos Johnson,Netherlands,consumer,2022-06-16,carlos.johnson@outlook.com,+5 595 6200
498,Emma Brown,Netherlands,enterprise,2021-05-20,emma.brown@outlook.com,+29 149 9743
499,Emma Leclerc,Japan,enterprise,2023-09-16,emma.leclerc@yahoo.com,+70 658 7903
500,Nora Garcia,,consumer,2023-01-08,nora.garcia@company.com,+66 220 5092
501,Paul Chen,Brazil,consumer,2024-06-07,paul.chen@gmail.com,+88 358 9748
502,Emma Nilsson,Japan,consumer,2021-01-05,emma.nilsson@yahoo.com,+7 397 4151
503,Sophie Nilsson,Australia,smb,2022-11-11,sophie.nilsson@outlook.com,+61 258 3062
504,Julia Garcia,Netherlands,smb,2022-09-12,julia.garcia@gmail.com,+65 355 8910
505,Lisa Garcia,Netherlands,smb,2023-04-04,lisa.garcia@company.com,+86 372 6038
506,Anna Rossi,Australia,mid-market,2023-10-31,anna.rossi@gmail.com,+33 410 7032
507,Carlos Muller,Netherlands,smb,2021-02-07,carlos.muller@yahoo.com,
508,Emma Rossi,Canada,smb,2022-12-15,emma.rossi@yahoo.com,+92 333 4274
509,Sarah Johnson,France,smb,2022-03-17,sarah.johnson@company.com,+62 190 3415
510,Marie Smith,Spain,consumer,2024-10-09,marie.smith@outlook.com,+18 931 9393
511,Marie Smith,France,consumer,2023-10-24,marie.smith@gmail.com,
512,Julia Rossi,France,enterprise,2021-09-08,julia.rossi@company.com,+65 881 2405
513,Julia Dupont,Italy,smb,2024-07-26,julia.dupont@yahoo.com,
514,John Rodriguez,,mid-market,2024-07-06,john.rodriguez@outlook.com,
515,James Muller,Spain,smb,2021-08-30,james.muller@yahoo.com,+80 116 7165
516,Lucas Martin,Italy,mid-market,2023-09-06,lucas.martin@gmail.com,
517,Lisa Muller,Netherlands,mid-market,2023-10-27,lisa.muller@outlook.com,+84 393 1039
518,John Chen,Canada,consumer,2022-08-24,john.chen@company.com,+13 196 9839
519,David Dupont,Australia,smb,2024-02-20,david.dupont@gmail.com,+59 708 3077
520,Sarah Rossi,Spain,consumer,2024-09-30,sarah.rossi@outlook.com,+84 749 7768
521,Lisa Rossi,UK,enterprise,2024-11-26,lisa.rossi@company.com,+46 727 5895
522,Sarah Leclerc,Japan,enterprise,2024-08-08,sarah.leclerc@yahoo.com,+38 634 3918
523,Lisa Martin,France,smb,2024-04-13,lisa.martin@company.com,
524,Carlos Brown,Brazil,enterprise,2022-02-13,carlos.brown@gmail.com,
525,Maria Smith,Italy,mid-market,2023-09-22,maria.smith@company.com,+21 611 1624
526,Emma Leclerc,Germany,consumer,2024-08-19,emma.leclerc@gmail.com,
527,Emma Tanaka,Netherlands,mid-market,2024-11-11,emma.tanaka@outlook.com,+93 651 4702
528,John Tanaka,UK,mid-market,2023-01-01,john.tanaka@outlook.com,+42 649 8119
529,Lucas Chen,Germany,smb,2021-07-17,lucas.chen@yahoo.com,+28 625 6171
530,Sarah Muller,Netherlands,smb,2023-07-24,sarah.muller@company.com,+1 920 6127
531,Paul Wilson,Germany,smb,2024-08-31,paul.wilson@yahoo.com,+24 669 7099
532,Sophie Wilson,Sweden,smb,2024-01-02,sophie.wilson@outlook.com,+90 130 4723
533,Paul Leclerc,France,consumer,2022-11-29,paul.leclerc@gmail.com,
534,David Brown,Italy,mid-market,2024-02-29,david.brown@outlook.com,+47 982 5784
535,Pierre Dupont,Japan,smb,2020-12-25,pierre.dupont@outlook.com,+41 160 3606
536,Maria Martin,Germany,consumer,2021-11-06,maria.martin@gmail.com,+88 506 9192
537,Paul Garcia,Japan,consumer,2023-07-15,paul.garcia@outlook.com,
538,Lucas Martin,Sweden,smb,2021-02-03,lucas.martin@company.com,+55 159 1517
539,Lisa Martin,Australia,smb,2023-08-13,lisa.martin@yahoo.com,+47 637 5957
540,Sarah Rossi,Germany,enterprise,2024-05-10,sarah.rossi@yahoo.com,+43 364 7380
541,David Tanaka,Sweden,mid-market,2021-02-22,david.tanaka@gmail.com,+60 142 5070
542,Nora Garcia,Canada,enterprise,2021-01-22,nora.garcia@outlook.com,+70 804 3581
543,Carlos Rossi,Japan,consumer,2023-08-31,carlos.rossi@gmail.com,
544,Paul Tanaka,Germany,mid-market,2022-07-12,paul.tanaka@gmail.com,+62 883 3041
545,Maria Smith,Japan,consumer,2024-03-23,maria.smith@outlook.com,+15 495 1755
546,Emma Johnson,France,enterprise,2022-05-04,emma.johnson@gmail.com,+82 972 6449
547,Julia Leclerc,Netherlands,consumer,2022-02-22,julia.leclerc@gmail.com,+97 161 6692
548,Pierre Smith,Italy,consumer,2022-01-24,pierre.smith@yahoo.com,+44 349 3805
549,Julia Chen,Brazil,enterprise,2022-08-19,julia.chen@gmail.com,+54 676 2475
550,Marie Johnson,Brazil,enterprise,2022-02-01,marie.johnson@gmail.com,+61 932 1093
551,Lucas Johnson,USA,enterprise,2022-09-09,lucas.johnson@gmail.com,+87 646 4079
552,David Martin,Brazil,consumer,2021-08-15,david.martin@outlook.com,+73 655 7917
553,Anna Martin,Canada,mid-market,2024-03-14,anna.martin@gmail.com,+8 153 6777
554,Carlos Nilsson,Italy,smb,2022-12-23,carlos.nilsson@outlook.com,+30 314 4791
555,Nora Dupont,UK,smb,2023-03-31,nora.dupont@outlook.com,+72 261 9757
556,Maria Rodriguez,Canada,consumer,2022-10-10,maria.rodriguez@gmail.com,
557,Carlos Muller,France,smb,2024-05-08,carlos.muller@company.com,+85 201 4770
558,Carlos Johnson,Italy,smb,2023-08-14,carlos.johnson@gmail.com,
559,Nora Brown,Brazil,consumer,2021-01-30,nora.brown@outlook.com,+11 739 5412
560,Lisa Johnson,Italy,mid-market,2024-07-01,lisa.johnson@gmail.com,
561,Marie Smith,Canada,consumer,2022-05-14,marie.smith@outlook.com,+17 451 2120
562,Anna Rodriguez,Italy,enterprise,2022-03-31,anna.rodriguez@gmail.com,
563,Julia Rossi,Canada,smb,2023-01-05,julia.rossi@company.com,+6 437 3408
564,Julia Brown,USA,consumer,2024-10-14,julia.brown@gmail.com,+62 838 3047
565,Emma Wilson,Sweden,consumer,2024-10-13,emma.wilson@outlook.com,
566,Sarah Wilson,Netherlands,consumer,2023-10-24,sarah.wilson@gmail.com,+8 990 4911
567,Paul Chen,Germany,mid-market,2024-07-05,paul.chen@gmail.com,+28 264 9863
568,James Dupont,Germany,smb,2024-07-17,james.dupont@gmail.com,+87 217 5003
569,Lisa Leclerc,Sweden,smb,2024-04-11,lisa.leclerc@outlook.com,+72 631 2701
570,Lisa Garcia,Netherlands,smb,2024-02-26,lisa.garcia@outlook.com,+36 430 3598
571,David Muller,Netherlands,smb,2021-07-19,david.muller@company.com,+95 282 7358
572,David Rossi,USA,mid-market,2022-05-09,david.rossi@yahoo.com,+90 814 8194
573,Pierre Johnson,Netherlands,mid-market,2024-10-19,pierre.johnson@company.com,+16 219 8045
574,Emma Chen,Canada,mid-market,2022-05-24,emma.chen@gmail.com,+74 766 4766
575,Lisa Rossi,USA,smb,2024-05-16,lisa.rossi@yahoo.com,
576,Pierre Garcia,Italy,mid-market,2023-03-25,pierre.garcia@outlook.com,+52 213 2170
577,Sarah Nilsson,Italy,consumer,2024-10-08,sarah.nilsson@outlook.com,+5 288 9934
578,Anna Brown,Australia,consumer,2024-07-23,anna.brown@company.com,+69 952 3314
579,John Rossi,UK,mid-market,2024-05-22,john.rossi@yahoo.com,+59 901 4167
580,Sarah Muller,Italy,consumer,2023-03-06,sarah.muller@company.com,
581,James Johnson,Sweden,consumer,2023-01-22,james.johnson@yahoo.com,+96 653 6242
582,Julia Garcia,USA,mid-market,2023-07-03,julia.garcia@gmail.com,+86 715 4254
583,Emma Smith,Japan,mid-market,2022-06-05,emma.smith@yahoo.com,+62 593 3058
584,Marie Leclerc,Japan,enterprise,2022-01-08,marie.leclerc@outlook.com,+51 660 9133
585,Nora Nilsson,Sweden,enterprise,2021-12-27,nora.nilsson@company.com,
586,Maria Brown,,consumer,2022-08-04,maria.brown@company.com,+57 358 7789
587,Sarah Martin,Sweden,consumer,2022-09-23,sarah.martin@gmail.com,+38 432 8554
588,Marie Muller,Japan,enterprise,2022-12-11,marie.muller@gmail.com,+86 571 4356
589,Pierre Martin,Australia,consumer,2023-12-19,pierre.martin@gmail.com,+85 255 7724
590,Anna Dupont,Italy,enterprise,2022-12-18,anna.dupont@outlook.com,+58 867 4784
591,James Nilsson,Italy,smb,2024-11-18,james.nilsson@gmail.com,+82 113 7823
592,Lisa Johnson,Netherlands,consumer,2021-01-12,lisa.johnson@yahoo.com,+7 677 2757
593,Sarah Muller,Germany,smb,2023-06-07,sarah.muller@outlook.com,+95 791 1941
594,Sophie Brown,Australia,enterprise,2021-11-17,sophie.brown@company.com,+88 326 5910
595,James Dupont,Japan,smb,2021-01-26,james.dupont@gmail.com,+9 194 3171
596,Sarah Rodriguez,Netherlands,consumer,2022-12-03,sarah.rodriguez@outlook.com,+53 588 8699
597,Sophie Wilson,UK,mid-market,2021-06-15,sophie.wilson@gmail.com,+17 773 1052
598,Emma Brown,Spain,mid-market,2022-12-29,emma.brown@company.com,+29 257 2114
599,Lisa Tanaka,Italy,mid-market,2024-05-22,lisa.tanaka@gmail.com,+58 909 7002
600,Paul Brown,Netherlands,smb,2024-10-25,paul.brown@gmail.com,+84 631 1483
601,David Johnson,,smb,2024-05-17,david.johnson@gmail.com,+34 840 1397
602,Nora Chen,Sweden,consumer,2021-02-16,nora.chen@company.com,+10 849 1569
603,Maria Nilsson,Canada,consumer,2023-01-04,maria.nilsson@gmail.com,+95 781 6985
604,Emma Chen,Canada,consumer,2023-08-21,emma.chen@outlook.com,+53 180 4730
605,Anna Tanaka,Sweden,consumer,2023-02-16,anna.tanaka@yahoo.com,+80 912 5022
606,James Chen,Spain,mid-market,2023-11-22,james.chen@yahoo.com,+83 798 1518
607,Lucas Nilsson,Netherlands,smb,2021-06-02,lucas.nilsson@gmail.com,+61 653 5885
608,John Smith,Italy,mid-market,2020-11-24,john.smith@gmail.com,+76 899 5953
609,Emma Chen,Netherlands,mid-market,2024-07-31,emma.chen@gmail.com,+32 983 9671
610,Paul Johnson,Japan,consumer,2022-01-11,paul.johnson@gmail.com,+68 675 1937
611,Maria Garcia,Spain,consumer,2023-07-28,maria.garcia@yahoo.com,+40 278 5633
612,Nora Wilson,Brazil,consumer,2024-09-24,nora.wilson@gmail.com,+81 301 9969
613,Sarah Tanaka,USA,smb,2021-03-18,sarah.tanaka@gmail.com,+13 188 9769
614,John Tanaka,Sweden,smb,2024-09-03,john.tanaka@gmail.com,
615,Sophie Muller,Italy,smb,2024-02-04,sophie.muller@outlook.com,+33 157 3776
616,Julia Chen,Italy,enterprise,2024-10-26,julia.chen@gmail.com,+7 704 8998
617,Nora Chen,Brazil,mid-market,2023-01-10,nora.chen@yahoo.com,+98 819 7970
618,Maria Muller,Germany,smb,2022-07-05,maria.muller@gmail.com,+87 792 6853
619,Marie Smith,Netherlands,enterprise,2023-08-19,marie.smith@company.com,
620,Anna Dupont,Sweden,consumer,2024-08-19,anna.dupont@yahoo.com,+89 379 3688
621,Emma Chen,Spain,mid-market,2024-06-15,emma.chen@gmail.com,+15 347 6342
622,Nora Johnson,France,mid-market,2021-03-01,nora.johnson@gmail.com,+87 222 7126
623,David Tanaka,Spain,consumer,2021-09-05,david.tanaka@gmail.com,+76 905 7749
624,Julia Johnson,Germany,enterprise,2021-02-24,julia.johnson@gmail.com,+16 539 9569
625,Pierre Tanaka,Spain,consumer,2022-10-14,pierre.tanaka@gmail.com,+90 650 9667
626,Carlos Leclerc,Netherlands,consumer,2022-09-22,carlos.leclerc@company.com,
627,John Rossi,France,enterprise,2021-10-04,john.rossi@outlook.com,+17 442 3142
628,Maria Smith,Sweden,consumer,2022-06-10,maria.smith@gmail.com,+71 126 6762
629,Carlos Garcia,Germany,consumer,2023-03-02,carlos.garcia@outlook.com,+85 808 3762
630,Emma Rossi,Australia,consumer,2023-09-30,emma.rossi@gmail.com,
631,Anna Nilsson,Sweden,consumer,2022-12-20,anna.nilsson@company.com,+50 160 1026
632,Lucas Rossi,UK,consumer,2024-08-30,lucas.rossi@gmail.com,+18 940 9584
633,Carlos Dupont,Brazil,smb,2024-02-24,carlos.dupont@yahoo.com,+41 970 1445
634,Marie Leclerc,France,mid-market,2021-12-14,marie.leclerc@yahoo.com,+95 307 1331
635,Nora Dupont,,consumer,2021-06-05,nora.dupont@gmail.com,+75 443 3630
636,Pierre Smith,Canada,consumer,2024-07-06,pierre.smith@gmail.com,
637,David Wilson,Japan,smb,2024-07-13,david.wilson@gmail.com,+20 177 3923
638,Paul Wilson,,consumer,2024-07-30,paul.wilson@company.com,+60 302 2285
639,Maria Chen,UK,smb,2021-09-26,maria.chen@outlook.com,+74 543 4882
640,Marie Nilsson,Germany,consumer,2023-09-02,marie.nilsson@yahoo.com,+24 115 1478
641,Lisa Chen,Spain,consumer,2023-08-10,lisa.chen@yahoo.com,+67 171 3222
642,Sarah Rossi,UK,mid-market,2024-11-14,sarah.rossi@company.com,+90 409 7701
643,Sarah Dupont,UK,mid-market,2021-01-03,sarah.dupont@outlook.com,+34 937 8395
644,David Rodriguez,Brazil,smb,2023-03-05,david.rodriguez@outlook.com,+47 715 4719
645,John Brown,Germany,smb,2021-09-17,john.brown@yahoo.com,
646,Carlos Nilsson,Australia,smb,2022-01-27,carlos.nilsson@gmail.com,+61 678 4163
647,Lucas Dupont,Sweden,enterprise,2024-05-08,lucas.dupont@company.com,
648,Nora Garcia,Japan,smb,2021-09-12,nora.garcia@gmail.com,+79 241 8881
649,Anna Wilson,Germany,smb,2022-09-16,anna.wilson@gmail.com,+83 318 9833
650,Emma Dupont,Sweden,smb,2022-06-28,emma.dupont@company.com,+52 389 3010
651,Paul Leclerc,Australia,consumer,2024-02-12,paul.leclerc@gmail.com,+36 133 7215
652,Lisa Nilsson,Germany,consumer,2021-07-07,lisa.nilsson@gmail.com,+70 700 5940
653,James Wilson,Japan,consumer,2021-03-04,james.wilson@gmail.com,+36 750 8841
654,Anna Rodriguez,Spain,consumer,2023-04-15,anna.rodriguez@outlook.com,+9 444 9958
655,Sarah Rossi,Japan,consumer,2024-07-20,sarah.rossi@company.com,+85 993 2649
656,Emma Muller,Italy,smb,2021-07-04,emma.muller@gmail.com,+46 217 8793
657,Paul Rossi,Japan,consumer,2021-05-08,paul.rossi@gmail.com,+51 318 1812
658,David Muller,France,enterprise,2022-11-19,david.muller@outlook.com,+73 829 8912
659,Lisa Brown,Spain,mid-market,2022-08-04,lisa.brown@company.com,
660,Lucas Leclerc,UK,smb,2024-01-10,lucas.leclerc@gmail.com,+80 997 5166
661,John Rodriguez,Germany,consumer,2024-08-25,john.rodriguez@company.com,+75 837 2046
662,Emma Nilsson,UK,consumer,2021-02-14,emma.nilsson@company.com,+68 404 2191
663,Julia Martin,Spain,enterprise,2022-12-24,julia.martin@gmail.com,+17 202 9078
664,Maria Smith,France,smb,2023-10-25,maria.smith@company.com,
665,Maria Muller,Sweden,mid-market,2022-02-17,maria.muller@yahoo.com,+65 566 6454
666,Lucas Chen,Brazil,consumer,2024-10-25,lucas.chen@outlook.com,+89 566 6935
667,Sarah Rossi,Japan,consumer,2024-08-07,sarah.rossi@gmail.com,+56 456 9016
668,Emma Tanaka,Sweden,smb,2023-12-12,emma.tanaka@company.com,+41 819 6446
669,Maria Muller,France,smb,2023-02-09,maria.muller@yahoo.com,+68 783 7622
670,Paul Leclerc,USA,mid-market,2023-06-12,paul.leclerc@yahoo.com,
671,Emma Smith,Italy,smb,2024-03-02,emma.smith@company.com,+34 753 8909
672,John Brown,Italy,consumer,2023-07-05,john.brown@outlook.com,
673,Sophie Tanaka,Germany,consumer,2023-07-31,sophie.tanaka@company.com,
674,Julia Wilson,Japan,smb,2022-10-23,julia.wilson@company.com,+74 833 5623
675,Lisa Brown,Brazil,smb,2022-08-28,lisa.brown@gmail.com,+77 167 6796
676,Marie Leclerc,Sweden,enterprise,2021-05-14,marie.leclerc@gmail.com,+67 556 7448
677,Lucas Nilsson,France,mid-market,2021-09-04,lucas.nilsson@gmail.com,+49 570 6435
678,Carlos Johnson,Japan,mid-market,2023-09-30,carlos.johnson@company.com,+78 323 3701
679,Pierre Smith,Germany,smb,2021-04-16,pierre.smith@gmail.com,+42 281 4007
680,John Leclerc,Italy,consumer,2022-10-29,john.leclerc@yahoo.com,+35 382 4690
681,John Dupont,Italy,smb,2024-03-02,john.dupont@gmail.com,+50 725 3726
682,Pierre Martin,Japan,mid-market,2023-07-21,pierre.martin@gmail.com,+83 531 7487
683,Emma Dupont,UK,enterprise,2021-12-08,emma.dupont@outlook.com,+12 256 5081
684,Anna Johnson,Germany,mid-market,2021-08-12,anna.johnson@gmail.com,+36 546 2425
685,Nora Brown,Spain,consumer,2023-06-02,nora.brown@company.com,+47 717 7555
686,David Muller,Spain,smb,2024-04-15,david.muller@gmail.com,+25 409 5727
687,Lucas Leclerc,Germany,consumer,2024-02-24,lucas.leclerc@company.com,+51 811 4512
688,David Tanaka,Germany,consumer,2024-07-03,david.tanaka@gmail.com,
689,Nora Chen,Germany,enterprise,2022-02-09,nora.chen@company.com,+81 399 4009
690,Emma Garcia,Italy,consumer,2022-11-24,emma.garcia@outlook.com,+65 658 5944
691,Nora Rodriguez,Spain,consumer,2023-02-08,nora.rodriguez@gmail.com,+23 186 9179
692,Pierre Nilsson,Spain,smb,2022-03-21,pierre.nilsson@gmail.com,+86 897 5613
693,Sarah Rodriguez,Sweden,enterprise,2021-08-02,sarah.rodriguez@gmail.com,+87 525 1679
694,Emma Muller,Germany,consumer,2021-09-20,emma.muller@outlook.com,+20 345 4392
695,David Nilsson,,consumer,2024-05-15,david.nilsson@company.com,+93 399 6512
696,Anna Garcia,Japan,smb,2022-07-20,anna.garcia@gmail.com,+27 678 6106
697,Nora Chen,Germany,smb,2021-05-15,nora.chen@gmail.com,+15 515 1948
698,Carlos Brown,UK,mid-market,2021-10-22,carlos.brown@outlook.com,+88 733 9471
699,James Wilson,Germany,consumer,2023-08-06,james.wilson@outlook.com,+86 297 7364
700,Marie Muller,UK,smb,2023-05-05,marie.muller@yahoo.com,+10 963 8067
701,Julia Rodriguez,Spain,enterprise,2021-05-04,julia.rodriguez@outlook.com,+67 994 8621
702,Anna Muller,France,consumer,2024-10-15,anna.muller@yahoo.com,+85 190 1213
703,Sophie Martin,USA,consumer,2022-10-22,sophie.martin@company.com,
704,Pierre Nilsson,Italy,consumer,2024-06-15,pierre.nilsson@gmail.com,+5 660 8386
705,Marie Rodriguez,Sweden,mid-market,2021-04-27,marie.rodriguez@gmail.com,+83 622 6951
706,Marie Garcia,UK,enterprise,2024-10-07,marie.garcia@gmail.com,+51 501 5989
707,Anna Rossi,Australia,consumer,2024-10-29,anna.rossi@outlook.com,
708,James Chen,Spain,consumer,2023-08-07,james.chen@gmail.com,+59 612 1275
709,Maria Johnson,Australia,smb,2024-02-12,maria.johnson@company.com,+29 680 7246
710,Julia Johnson,,consumer,2022-12-05,julia.johnson@outlook.com,+72 991 7056
711,Nora Tanaka,Brazil,smb,2023-09-19,nora.tanaka@outlook.com,+57 398 4333
712,James Wilson,Japan,smb,2023-06-28,james.wilson@yahoo.com,+81 521 7439
713,Anna Rossi,USA,enterprise,2022-08-25,anna.rossi@gmail.com,
714,Maria Nilsson,Canada,enterprise,2022-08-31,maria.nilsson@company.com,+20 645 6733
715,Anna Rossi,Spain,mid-market,2021-02-27,anna.rossi@gmail.com,
716,Lucas Martin,Italy,consumer,2022-12-27,lucas.martin@outlook.com,+12 525 2394
717,Sophie Garcia,Netherlands,mid-market,2022-08-26,sophie.garcia@company.com,+8 248 2000
718,Pierre Smith,Netherlands,mid-market,2022-03-12,pierre.smith@yahoo.com,+47 590 6465
719,Sarah Wilson,USA,smb,2024-03-21,sarah.wilson@company.com,+44 258 1187
720,Pierre Tanaka,Australia,mid-market,2022-03-28,pierre.tanaka@gmail.com,+70 983 3528
721,Paul Garcia,Netherlands,mid-market,2021-06-14,paul.garcia@company.com,+21 380 2929
722,David Johnson,Canada,smb,2023-08-23,david.johnson@outlook.com,+22 544 8066
723,Sophie Dupont,Italy,smb,2024-03-15,sophie.dupont@outlook.com,+70 962 4215
724,Nora Tanaka,Netherlands,consumer,2023-07-13,nora.tanaka@gmail.com,+49 441 1378
725,Lisa Smith,Italy,consumer,2023-10-25,lisa.smith@gmail.com,+39 334 5308
726,Anna Dupont,Australia,mid-market,2022-07-26,anna.dupont@outlook.com,
727,Marie Rodriguez,Japan,consumer,2021-06-12,marie.rodriguez@gmail.com,+95 176 2058
728,James Dupont,Australia,consumer,2022-07-10,james.dupont@yahoo.com,+95 862 6296
729,Nora Johnson,Brazil,consumer,2024-06-01,nora.johnson@company.com,+32 565 5820
730,Anna Garcia,Japan,consumer,2023-08-28,anna.garcia@company.com,+84 575 1247
731,Paul Muller,Spain,consumer,2022-02-23,paul.muller@gmail.com,+69 798 3682
732,Marie Dupont,Italy,consumer,2023-08-05,marie.dupont@company.com,+12 227 8566
733,Julia Smith,Japan,consumer,2022-07-25,julia.smith@gmail.com,
734,Maria Leclerc,USA,enterprise,2022-02-16,maria.leclerc@outlook.com,+6 285 8498
735,Paul Dupont,Sweden,consumer,2023-08-07,paul.dupont@company.com,+53 124 7325
736,David Wilson,USA,smb,2022-04-26,david.wilson@gmail.com,+14 803 8179
737,Lucas Martin,Brazil,consumer,2023-04-27,lucas.martin@gmail.com,+81 517 3410
738,Nora Muller,Italy,smb,2024-05-18,nora.muller@gmail.com,+87 602 6718
739,Lucas Leclerc,Italy,enterprise,2023-06-04,lucas.leclerc@outlook.com,+14 660 6220
740,Carlos Leclerc,Italy,smb,2023-02-23,carlos.leclerc@company.com,+29 789 2202
741,Sophie Dupont,Italy,smb,2024-11-29,sophie.dupont@gmail.com,+71 964 6104
742,Anna Smith,Spain,smb,2021-04-30,anna.smith@gmail.com,
743,Sarah Nilsson,Italy,mid-market,2022-10-19,sarah.nilsson@outlook.com,+55 345 6634
744,Sophie Dupont,Brazil,mid-market,2024-10-10,sophie.dupont@gmail.com,+26 601 6350
745,John Garcia,Japan,smb,2021-06-06,john.garcia@yahoo.com,+64 817 8941
746,Anna Johnson,Brazil,smb,2021-06-24,anna.johnson@company.com,+77 815 8818
747,Marie Muller,Netherlands,consumer,2024-11-15,marie.muller@yahoo.com,
748,Sarah Johnson,Australia,mid-market,2024-04-07,sarah.johnson@company.com,+46 731 1084
749,Emma Chen,Canada,mid-market,2023-06-17,emma.chen@outlook.com,+14 771 8396
750,Lucas Rossi,France,mid-market,2022-11-18,lucas.rossi@company.com,
751,Emma Rodriguez,Sweden,smb,2022-01-01,emma.rodriguez@gmail.com,+47 252 5503
752,Carlos Muller,Germany,smb,2023-03-20,carlos.muller@gmail.com,+81 755 8354
753,James Rodriguez,Germany,consumer,2022-06-17,james.rodriguez@yahoo.com,+64 888 3248
754,David Johnson,Japan,consumer,2024-11-18,david.johnson@gmail.com,+5 202 9931
755,Julia Wilson,USA,mid-market,2022-04-09,julia.wilson@company.com,+63 322 8686
756,Pierre Rodriguez,Australia,consumer,2021-03-28,pierre.rodriguez@yahoo.com,+31 636 3243
757,Lisa Muller,Japan,enterprise,2022-10-21,lisa.muller@company.com,+10 340 3053
758,Carlos Tanaka,Canada,mid-market,2023-02-03,carlos.tanaka@gmail.com,+55 118 3158
759,Lucas Dupont,Sweden,smb,2023-09-23,lucas.dupont@outlook.com,
760,Lucas Johnson,Australia,enterprise,2021-01-30,lucas.johnson@yahoo.com,+65 967 8523
761,Julia Wilson,France,consumer,2024-10-15,julia.wilson@gmail.com,+23 722 6644
762,Carlos Martin,Australia,consumer,2023-10-08,carlos.martin@outlook.com,+59 818 2329
763,James Dupont,France,consumer,2024-05-13,james.dupont@yahoo.com,+37 833 9028
764,Pierre Smith,UK,smb,2021-06-08,pierre.smith@company.com,+4 523 3377
765,Marie Nilsson,France,consumer,2022-12-24,marie.nilsson@yahoo.com,+17 151 5841
766,John Dupont,Spain,smb,2021-03-18,john.dupont@gmail.com,+66 577 4314
767,David Martin,Sweden,enterprise,2022-03-31,david.martin@outlook.com,+76 686 9174
768,Julia Dupont,UK,enterprise,2022-09-06,julia.dupont@outlook.com,+35 314 5101
769,Sophie Smith,Japan,consumer,2022-11-03,sophie.smith@gmail.com,+50 511 8490
770,Lisa Brown,Netherlands,consumer,2024-02-09,lisa.brown@gmail.com,+5 574 4871
771,Lucas Rodriguez,Netherlands,enterprise,2022-08-29,lucas.rodriguez@gmail.com,+21 676 8211
772,John Garcia,Canada,smb,2022-03-01,john.garcia@gmail.com,+54 176 1677
773,Carlos Brown,Italy,consumer,2021-01-13,carlos.brown@outlook.com,+42 700 3821
774,Maria Rossi,Spain,consumer,2022-09-18,maria.rossi@gmail.com,+31 873 1129
775,Lucas Dupont,Canada,smb,2021-02-21,lucas.dupont@outlook.com,+8 239 9851
776,Anna Rossi,Brazil,consumer,2021-02-13,anna.rossi@gmail.com,+49 242 3793
777,Emma Brown,Netherlands,consumer,2022-10-26,emma.brown@yahoo.com,
778,Lucas Martin,UK,consumer,2023-02-26,lucas.martin@gmail.com,+24 167 7954
779,David Chen,Germany,mid-market,2024-05-07,david.chen@company.com,+14 357 4135
780,Nora Rossi,Germany,consumer,2023-11-04,nora.rossi@gmail.com,+61 645 8192
781,Anna Rodriguez,Germany,enterprise,2021-05-20,anna.rodriguez@outlook.com,+30 446 4497
782,Carlos Nilsson,Germany,consumer,2024-05-13,carlos.nilsson@gmail.com,+5 763 5818
783,Emma Johnson,Sweden,enterprise,2023-04-29,emma.johnson@gmail.com,
784,Nora Brown,USA,mid-market,2022-02-10,nora.brown@outlook.com,+95 711 2988
785,David Tanaka,Netherlands,enterprise,2023-12-15,david.tanaka@company.com,+67 779 4261
786,John Leclerc,Canada,smb,2021-01-01,john.leclerc@company.com,
787,Lisa Rossi,Japan,mid-market,2022-04-23,lisa.rossi@gmail.com,+2 698 9157
788,Sophie Muller,Spain,mid-market,2024-10-22,sophie.muller@gmail.com,+50 221 5852
789,Emma Rossi,USA,smb,2023-12-05,emma.rossi@yahoo.com,
790,John Brown,Australia,smb,2021-12-10,john.brown@outlook.com,+33 661 7003
791,Anna Rodriguez,USA,consumer,2021-06-13,anna.rodriguez@gmail.com,+67 429 6135
792,Emma Leclerc,Sweden,consumer,2021-03-11,emma.leclerc@yahoo.com,+5 462 4401
793,Maria Muller,Sweden,consumer,2021-06-30,maria.muller@outlook.com,+53 954 9580
794,Julia Smith,Germany,mid-market,2024-08-15,julia.smith@yahoo.com,+48 680 1973
795,Julia Dupont,Sweden,mid-market,2021-12-26,julia.dupont@gmail.com,+48 718 7144
796,Lisa Muller,Germany,consumer,2024-06-24,lisa.muller@gmail.com,+95 519 9170
797,Sarah Dupont,Germany,enterprise,2024-08-12,sarah.dupont@gmail.com,+96 614 1823
798,Lisa Martin,Japan,smb,2022-02-19,lisa.martin@yahoo.com,+37 787 6225
799,Maria Chen,Canada,consumer,2022-12-31,maria.chen@gmail.com,+92 833 1568
800,Julia Wilson,UK,consumer,2022-04-25,julia.wilson@yahoo.com,+85 421 8368
801,Anna Chen,Canada,smb,2021-06-30,anna.chen@yahoo.com,+50 509 1651
802,Julia Muller,Australia,consumer,2024-08-23,julia.muller@yahoo.com,+12 635 6121
803,John Nilsson,Japan,smb,2022-10-19,john.nilsson@gmail.com,+55 240 5588
804,Sophie Brown,France,consumer,2021-07-25,sophie.brown@gmail.com,+6 229 5487
805,Carlos Smith,UK,enterprise,2023-02-24,carlos.smith@outlook.com,+61 689 9836
806,Paul Martin,Sweden,mid-market,2022-10-25,paul.martin@outlook.com,+84 441 8044
807,Maria Wilson,Canada,consumer,2022-12-02,maria.wilson@company.com,+10 870 4479
808,Marie Martin,Japan,mid-market,2021-04-09,marie.martin@gmail.com,+75 972 7328
809,Paul Garcia,Italy,consumer,2024-09-20,paul.garcia@company.com,+91 109 2534
810,John Tanaka,Germany,smb,2021-05-22,john.tanaka@gmail.com,+62 585 2084
811,Anna Dupont,Canada,consumer,2021-08-20,anna.dupont@gmail.com,+71 152 9915
812,David Dupont,UK,consumer,2021-08-26,david.dupont@gmail.com,+16 500 8408
813,Emma Tanaka,Spain,smb,2023-04-06,emma.tanaka@yahoo.com,+51 768 7332
814,James Brown,Canada,consumer,2022-11-05,james.brown@gmail.com,+93 517 9809
815,Sarah Smith,Brazil,mid-market,2023-06-09,sarah.smith@gmail.com,+51 903 7593
816,James Nilsson,UK,smb,2023-11-28,james.nilsson@yahoo.com,+14 678 8904
817,John Nilsson,USA,mid-market,2021-05-26,john.nilsson@outlook.com,+13 853 1948
818,Sarah Garcia,Italy,consumer,2022-11-20,sarah.garcia@gmail.com,+86 809 2365
819,Sophie Brown,Canada,consumer,2022-01-04,sophie.brown@gmail.com,+72 204 6111
820,Sophie Rodriguez,Italy,consumer,2024-07-07,sophie.rodriguez@outlook.com,+91 285 2564
821,Lisa Dupont,Sweden,consumer,2021-09-30,lisa.dupont@gmail.com,+42 431 1436
822,Lucas Brown,UK,consumer,2022-04-09,lucas.brown@gmail.com,+45 333 2119
823,Sophie Muller,Japan,mid-market,2020-11-27,sophie.muller@outlook.com,+28 118 9234
824,Pierre Wilson,Japan,consumer,2024-05-20,pierre.wilson@gmail.com,+98 430 8889
825,Nora Rossi,Netherlands,smb,2022-10-01,nora.rossi@outlook.com,+46 920 2558
826,Carlos Dupont,Japan,smb,2022-11-12,carlos.dupont@gmail.com,+28 765 2980
827,Marie Brown,Brazil,smb,2022-10-03,marie.brown@gmail.com,+81 482 4634
828,Sophie Rodriguez,Spain,smb,2024-09-14,sophie.rodriguez@gmail.com,+45 817 1050
829,Julia Nilsson,Sweden,mid-market,2023-01-07,julia.nilsson@gmail.com,+74 800 8389
830,Julia Rodriguez,Australia,mid-market,2023-09-19,julia.rodriguez@gmail.com,+98 803 5757
831,James Brown,Australia,enterprise,2022-06-09,james.brown@gmail.com,+46 449 8443
832,Sophie Garcia,Germany,smb,2023-12-27,sophie.garcia@company.com,+39 614 1864
833,Emma Leclerc,Sweden,consumer,2023-03-04,emma.leclerc@company.com,+32 339 4914
834,Paul Wilson,USA,consumer,2022-06-05,paul.wilson@gmail.com,+50 744 4886
835,Emma Chen,Brazil,smb,2024-08-30,emma.chen@outlook.com,+15 589 1492
836,Paul Garcia,Brazil,smb,2021-10-03,paul.garcia@outlook.com,+84 792 3026
837,Anna Chen,Spain,smb,2022-01-15,anna.chen@company.com,
838,Lisa Tanaka,Canada,mid-market,2024-09-09,lisa.tanaka@gmail.com,+4 941 2207
839,Sophie Leclerc,Australia,consumer,2024-08-29,sophie.leclerc@gmail.com,
840,David Garcia,,mid-market,2021-07-02,david.garcia@gmail.com,+80 197 8980
841,Nora Dupont,Germany,consumer,2023-10-13,nora.dupont@gmail.com,+73 670 8916
842,Marie Rossi,Germany,consumer,2021-06-16,marie.rossi@gmail.com,+40 353 2390
843,Pierre Garcia,Australia,smb,2022-11-30,pierre.garcia@company.com,+91 460 8463
844,Sarah Leclerc,Brazil,consumer,2023-07-18,sarah.leclerc@company.com,+33 958 8829
845,Nora Smith,Sweden,mid-market,2023-10-27,nora.smith@gmail.com,
846,Paul Nilsson,Japan,consumer,2022-04-09,paul.nilsson@outlook.com,+23 121 3598
847,Maria Leclerc,Japan,consumer,2024-06-24,maria.leclerc@gmail.com,+58 222 4000
848,Sophie Wilson,France,consumer,2023-04-21,sophie.wilson@outlook.com,+91 167 1453
849,Lucas Martin,France,consumer,2023-07-13,lucas.martin@outlook.com,+42 111 1250
850,Pierre Tanaka,Spain,consumer,2024-04-20,pierre.tanaka@gmail.com,+18 191 8297
851,Anna Martin,,consumer,2023-07-03,anna.martin@company.com,
852,Maria Martin,Sweden,smb,2022-10-17,maria.martin@company.com,+62 687 4219
853,David Nilsson,France,consumer,2022-03-12,david.nilsson@yahoo.com,+88 161 1965
854,Nora Nilsson,Spain,consumer,2024-07-29,nora.nilsson@yahoo.com,+84 161 2726
855,Carlos Martin,Germany,smb,2021-05-30,carlos.martin@outlook.com,+17 129 2052
856,Pierre Johnson,,consumer,2021-05-21,pierre.johnson@gmail.com,+57 694 1749
857,David Chen,Germany,smb,2022-02-19,david.chen@gmail.com,+93 186 7182
858,Maria Nilsson,Germany,smb,2021-03-15,maria.nilsson@outlook.com,+79 568 5423
859,Maria Leclerc,Brazil,enterprise,2023-03-14,maria.leclerc@gmail.com,+11 317 8654
860,Sarah Garcia,Spain,mid-market,2021-08-13,sarah.garcia@company.com,+35 130 7562
861,John Chen,Italy,consumer,2021-12-29,john.chen@gmail.com,+67 159 1459
862,Maria Chen,Italy,smb,2022-08-29,maria.chen@gmail.com,+12 145 6545
863,Emma Chen,Sweden,smb,2024-03-14,emma.chen@gmail.com,+13 645 2585
864,Nora Garcia,Australia,mid-market,2022-09-05,nora.garcia@company.com,+96 752 4370
865,Lucas Smith,Brazil,smb,2021-04-18,lucas.smith@gmail.com,
866,Paul Nilsson,Netherlands,consumer,2020-12-16,paul.nilsson@gmail.com,+53 120 6744
867,Lisa Nilsson,Sweden,consumer,2023-02-13,lisa.nilsson@gmail.com,+38 225 5820
868,Julia Rossi,Sweden,enterprise,2023-12-04,julia.rossi@yahoo.com,+55 770 2779
869,Emma Smith,France,smb,2021-11-30,emma.smith@company.com,+54 859 3429
870,Marie Martin,Canada,smb,2024-08-13,marie.martin@gmail.com,+82 750 4866
871,Sarah Chen,France,consumer,2024-04-24,sarah.chen@company.com,+87 969 3131
872,Lucas Dupont,Spain,smb,2022-08-29,lucas.dupont@gmail.com,+97 102 2163
873,Carlos Tanaka,Netherlands,smb,2020-12-08,carlos.tanaka@outlook.com,+5 430 9431
874,Nora Leclerc,Spain,smb,2023-08-07,nora.leclerc@gmail.com,+59 654 1763
875,Paul Chen,Germany,smb,2023-02-20,paul.chen@outlook.com,+51 444 5314
876,David Nilsson,Canada,smb,2023-08-17,david.nilsson@yahoo.com,+26 281 9567
877,Maria Leclerc,USA,smb,2023-02-24,maria.leclerc@outlook.com,+55 470 1664
878,Maria Muller,Germany,consumer,2024-11-22,maria.muller@gmail.com,+75 524 4479
879,Pierre Brown,Canada,consumer,2022-07-12,pierre.brown@company.com,+66 218 5798
880,James Brown,Sweden,smb,2022-07-10,james.brown@company.com,+85 517 1003
881,Sarah Leclerc,France,consumer,2023-08-27,sarah.leclerc@outlook.com,+23 150 5501
882,Marie Brown,Japan,consumer,2023-11-10,marie.brown@outlook.com,+36 219 7181
883,James Tanaka,Canada,mid-market,2021-11-09,james.tanaka@yahoo.com,
884,Emma Johnson,France,smb,2024-03-01,emma.johnson@gmail.com,+7 322 3860
885,John Martin,Spain,mid-market,2024-09-24,john.martin@company.com,
886,Pierre Leclerc,Italy,consumer,2024-10-04,pierre.leclerc@gmail.com,+1 952 5812
887,Pierre Leclerc,France,mid-market,2021-05-16,pierre.leclerc@yahoo.com,+4 204 1927
888,Paul Smith,Germany,consumer,2023-06-16,paul.smith@gmail.com,+29 399 6770
889,Pierre Martin,Germany,mid-market,2024-07-06,pierre.martin@gmail.com,+31 751 3643
890,Anna Wilson,Germany,smb,2021-05-20,anna.wilson@outlook.com,+26 347 3962
891,Marie Muller,Spain,consumer,2024-04-28,marie.muller@outlook.com,+83 321 3459
892,Marie Tanaka,Italy,smb,2023-07-27,marie.tanaka@company.com,+94 687 2714
893,Lisa Rodriguez,Germany,consumer,2024-11-02,lisa.rodriguez@company.com,+86 264 2458
894,Carlos Smith,UK,consumer,2022-03-10,carlos.smith@gmail.com,+44 721 2703
895,Lucas Chen,Germany,consumer,2022-02-09,lucas.chen@gmail.com,+74 240 8035
896,James Nilsson,Japan,mid-market,2021-11-16,james.nilsson@gmail.com,+10 517 6760
897,Pierre Rodriguez,Germany,consumer,2023-11-12,pierre.rodriguez@outlook.com,+27 650 7197
898,Lucas Martin,Australia,enterprise,2023-08-08,lucas.martin@outlook.com,+64 456 7958
899,Nora Martin,Brazil,smb,2021-02-22,nora.martin@company.com,
900,Lucas Garcia,Japan,consumer,2021-08-13,lucas.garcia@yahoo.com,+91 834 7598
901,Marie Johnson,Netherlands,consumer,2024-10-09,marie.johnson@gmail.com,+76 823 3601
902,Lucas Rodriguez,UK,smb,2022-02-19,lucas.rodriguez@outlook.com,+71 279 4225
903,Sophie Dupont,Netherlands,smb,2021-08-26,sophie.dupont@outlook.com,+92 354 8591
904,Marie Johnson,UK,consumer,2022-09-02,marie.johnson@outlook.com,+42 288 1873
905,John Tanaka,France,consumer,2022-05-07,john.tanaka@gmail.com,+54 505 5601
906,Carlos Wilson,UK,smb,2024-12-01,carlos.wilson@gmail.com,+5 341 1035
907,Maria Johnson,UK,consumer,2024-10-19,maria.johnson@gmail.com,+30 937 2370
908,David Smith,France,mid-market,2024-10-12,david.smith@gmail.com,+68 105 6056
909,Carlos Rodriguez,USA,mid-market,2024-04-13,carlos.rodriguez@yahoo.com,+91 406 2774
910,Sophie Muller,Canada,consumer,2020-12-07,sophie.muller@gmail.com,+56 350 9023
911,Pierre Chen,Brazil,consumer,2022-05-15,pierre.chen@outlook.com,+84 686 6750
912,Anna Nilsson,Spain,mid-market,2021-10-10,anna.nilsson@outlook.com,+60 761 5141
913,Paul Nilsson,Canada,mid-market,2023-09-25,paul.nilsson@company.com,
914,John Tanaka,Germany,mid-market,2021-02-23,john.tanaka@gmail.com,+69 695 9827
915,James Tanaka,Spain,consumer,2024-02-14,james.tanaka@gmail.com,+39 481 6057
916,Pierre Tanaka,Australia,mid-market,2021-04-16,pierre.tanaka@gmail.com,+39 805 4852
917,James Smith,Netherlands,smb,2024-10-18,james.smith@gmail.com,+77 482 3025
918,Sarah Smith,Spain,consumer,2024-11-02,sarah.smith@gmail.com,+98 573 7360
919,Nora Muller,UK,enterprise,2024-08-09,nora.muller@yahoo.com,+58 422 9748
920,Carlos Garcia,USA,smb,2021-09-25,carlos.garcia@gmail.com,+37 992 4876
921,Sarah Smith,France,smb,2023-11-20,sarah.smith@gmail.com,+3 133 9761
922,Julia Rossi,France,consumer,2023-02-08,julia.rossi@gmail.com,+52 448 8301
923,Lisa Brown,Japan,smb,2023-01-10,lisa.brown@yahoo.com,+61 693 7168
924,Sarah Garcia,Netherlands,smb,2021-09-29,sarah.garcia@company.com,+20 179 7551
925,Emma Martin,Italy,mid-market,2023-07-09,emma.martin@yahoo.com,+3 746 2169
926,John Rodriguez,Japan,consumer,2024-11-23,john.rodriguez@outlook.com,
927,Lucas Martin,France,consumer,2023-05-14,lucas.martin@yahoo.com,+77 649 1430
928,John Rossi,Germany,mid-market,2023-10-06,john.rossi@yahoo.com,+83 293 2224
929,Pierre Brown,Spain,smb,2021-12-24,pierre.brown@gmail.com,+87 275 5824
930,Emma Chen,Canada,consumer,2021-11-24,emma.chen@outlook.com,+48 791 1397
931,Lisa Muller,Netherlands,enterprise,2024-07-20,lisa.muller@yahoo.com,
932,Julia Leclerc,Australia,mid-market,2021-09-24,julia.leclerc@gmail.com,+78 644 2338
933,Julia Leclerc,Germany,smb,2024-08-21,julia.leclerc@yahoo.com,+96 513 9680
934,John Chen,Australia,mid-market,2022-06-06,john.chen@outlook.com,+97 146 5552
935,Marie Chen,USA,mid-market,2023-05-10,marie.chen@outlook.com,+42 547 3789
936,Marie Martin,Germany,smb,2023-09-17,marie.martin@gmail.com,+55 542 2673
937,James Tanaka,Brazil,mid-market,2022-12-23,james.tanaka@yahoo.com,+29 232 8591
938,Sarah Smith,USA,smb,2023-09-03,sarah.smith@company.com,+67 448 4561
939,Carlos Nilsson,Australia,consumer,2021-09-23,carlos.nilsson@gmail.com,+8 360 9318
940,Lisa Smith,Australia,smb,2021-01-11,lisa.smith@gmail.com,+4 231 8613
941,Sarah Rodriguez,Brazil,enterprise,2021-08-21,sarah.rodriguez@gmail.com,
942,Sophie Rossi,UK,consumer,2023-02-26,sophie.rossi@gmail.com,+74 410 4437
943,James Martin,France,mid-market,2022-11-24,james.martin@company.com,+62 638 9125
944,Maria Leclerc,Netherlands,consumer,2023-02-14,maria.leclerc@outlook.com,+25 348 2398
945,Marie Johnson,Brazil,smb,2021-09-23,marie.johnson@gmail.com,+66 579 4122
946,Sophie Rodriguez,Japan,consumer,2022-09-13,sophie.rodriguez@gmail.com,+69 438 2759
947,David Wilson,Netherlands,mid-market,2023-01-14,david.wilson@company.com,+53 492 4648
948,Sophie Rossi,France,mid-market,2023-04-11,sophie.rossi@gmail.com,+44 921 2943
949,James Nilsson,France,smb,2023-05-31,james.nilsson@yahoo.com,+28 607 1420
950,Lisa Muller,Japan,enterprise,2022-09-12,lisa.muller@gmail.com,+15 609 5587
951,Emma Garcia,France,mid-market,2022-02-24,emma.garcia@gmail.com,+64 201 8684
952,Lisa Rodriguez,Canada,consumer,2023-03-08,lisa.rodriguez@yahoo.com,+48 239 3804
953,Pierre Rodriguez,France,consumer,2021-09-04,pierre.rodriguez@gmail.com,+23 506 5223
954,Anna Martin,Sweden,enterprise,2021-08-05,anna.martin@yahoo.com,+43 514 9170
955,Marie Tanaka,Canada,consumer,2023-03-13,marie.tanaka@gmail.com,+94 540 9666
956,John Nilsson,Italy,consumer,2021-04-06,john.nilsson@yahoo.com,+81 837 3030
957,Marie Chen,USA,consumer,2024-03-23,marie.chen@yahoo.com,+43 416 1867
958,Pierre Garcia,,consumer,2021-03-03,pierre.garcia@yahoo.com,+8 659 4786
959,Anna Johnson,Germany,consumer,2023-09-27,anna.johnson@gmail.com,
960,Lucas Garcia,Brazil,smb,2022-08-26,lucas.garcia@yahoo.com,+83 545 6092
961,Sarah Garcia,Canada,consumer,2023-10-13,sarah.garcia@company.com,+95 675 1200
962,Julia Johnson,Sweden,consumer,2023-02-22,julia.johnson@gmail.com,+18 483 1334
963,Pierre Smith,USA,enterprise,2023-07-22,pierre.smith@gmail.com,+17 811 2284
964,Pierre Smith,Japan,mid-market,2022-01-31,pierre.smith@company.com,+17 553 1820
965,Sophie Tanaka,France,enterprise,2024-08-05,sophie.tanaka@gmail.com,+26 942 6682
966,John Johnson,,consumer,2021-07-19,john.johnson@yahoo.com,+95 418 6545
967,Julia Tanaka,Netherlands,smb,2021-04-14,julia.tanaka@yahoo.com,+24 440 2571
968,Sophie Martin,UK,consumer,2022-08-28,sophie.martin@gmail.com,+82 265 2842
969,Pierre Garcia,Italy,consumer,2022-09-20,pierre.garcia@outlook.com,+46 486 3824
970,Nora Martin,France,consumer,2022-02-08,nora.martin@outlook.com,+35 365 9213
971,Sophie Rodriguez,Canada,mid-market,2024-02-14,sophie.rodriguez@gmail.com,
972,Julia Dupont,Germany,consumer,2021-11-26,julia.dupont@company.com,+64 842 1996
973,Sarah Smith,UK,consumer,2024-01-16,sarah.smith@gmail.com,+94 533 7420
974,Sophie Nilsson,Brazil,enterprise,2022-03-14,sophie.nilsson@gmail.com,+25 185 8963
975,Marie Muller,Sweden,consumer,2023-09-10,marie.muller@company.com,+45 224 6925
976,David Brown,Brazil,smb,2021-12-02,david.brown@gmail.com,
977,John Johnson,Brazil,consumer,2021-09-27,john.johnson@company.com,+71 507 4329
978,Nora Leclerc,,smb,2024-01-31,nora.leclerc@gmail.com,+83 266 1671
979,Emma Garcia,Australia,mid-market,2022-06-09,emma.garcia@outlook.com,+16 820 5228
980,Maria Martin,Spain,mid-market,2022-12-01,maria.martin@gmail.com,+4 251 1252
981,Julia Tanaka,Japan,enterprise,2023-09-27,julia.tanaka@yahoo.com,+80 514 1612
982,Sophie Rossi,Japan,enterprise,2022-07-22,sophie.rossi@yahoo.com,+22 654 6342
983,Julia Chen,Canada,consumer,2020-12-04,julia.chen@company.com,+81 123 1624
984,Pierre Johnson,Australia,smb,2024-11-29,pierre.johnson@company.com,+4 454 7543
985,Julia Martin,Japan,mid-market,2021-01-26,julia.martin@yahoo.com,
986,Julia Nilsson,Germany,consumer,2021-06-23,julia.nilsson@yahoo.com,+65 272 7748
987,Maria Muller,Japan,consumer,2022-10-16,maria.muller@outlook.com,+42 153 4514
988,Emma Dupont,Sweden,smb,2022-06-20,emma.dupont@company.com,+76 725 3415
989,David Muller,UK,consumer,2023-06-09,david.muller@outlook.com,+75 450 5141
990,Marie Rossi,Sweden,smb,2024-05-27,marie.rossi@company.com,+9 996 8546
991,Maria Brown,UK,consumer,2022-08-15,maria.brown@gmail.com,+20 604 8022
992,Marie Chen,Brazil,enterprise,2021-08-20,marie.chen@outlook.com,+50 289 9716
993,Maria Rossi,Japan,consumer,2023-12-29,maria.rossi@yahoo.com,
994,Julia Martin,Germany,consumer,2022-01-13,julia.martin@gmail.com,+88 549 7476
995,Carlos Nilsson,Spain,consumer,2021-11-29,carlos.nilsson@gmail.com,+89 934 8707
996,Emma Johnson,Japan,smb,2021-11-14,emma.johnson@company.com,+89 952 9918
997,Anna Brown,Italy,consumer,2023-07-22,anna.brown@gmail.com,
998,Paul Dupont,Canada,smb,2023-05-06,paul.dupont@gmail.com,+79 384 8239
999,Emma Tanaka,USA,consumer,2023-04-01,emma.tanaka@gmail.com,
1000,Anna Rodriguez,Sweden,consumer,2021-06-26,anna.rodriguez@gmail.com,+28 490 9685
1001,David Dupont,Japan,consumer,2021-04-19,david.dupont@outlook.com,+81 283 9425
1002,Sarah Johnson,Canada,smb,2023-04-04,sarah.johnson@company.com,
1003,Paul Smith,France,enterprise,2021-01-07,paul.smith@company.com,+60 245 4047
1004,Sarah Martin,Canada,smb,2022-08-17,sarah.martin@yahoo.com,+71 857 1799
1005,Paul Brown,Spain,enterprise,2023-05-16,paul.brown@yahoo.com,+8 723 5023
1006,Lucas Leclerc,Spain,mid-market,2024-12-02,lucas.leclerc@gmail.com,+84 161 4144
1007,Sophie Nilsson,Spain,mid-market,2022-06-18,sophie.nilsson@company.com,
1008,Maria Muller,Netherlands,consumer,2022-04-30,maria.muller@gmail.com,
1009,Sarah Chen,Netherlands,mid-market,2021-01-09,sarah.chen@gmail.com,+5 955 8982
1010,Lisa Johnson,,mid-market,2022-01-12,lisa.johnson@company.com,+15 224 7226
1011,Anna Wilson,USA,enterprise,2024-10-20,anna.wilson@company.com,+1 554 1593
1012,Maria Brown,,consumer,2022-08-22,maria.brown@gmail.com,+53 414 7357
1013,John Johnson,Germany,consumer,2021-12-07,john.johnson@yahoo.com,
1014,James Tanaka,France,enterprise,2022-12-04,james.tanaka@outlook.com,+59 985 3077
1015,Emma Muller,Netherlands,enterprise,2023-03-12,emma.muller@gmail.com,
1016,Emma Martin,Spain,smb,2021-08-30,emma.martin@gmail.com,+85 349 1989
1017,John Wilson,Netherlands,mid-market,2022-06-18,john.wilson@gmail.com,+60 637 4372
1018,Nora Rossi,Australia,smb,2022-03-07,nora.rossi@outlook.com,+19 864 8618
1019,James Dupont,France,smb,2023-01-20,james.dupont@gmail.com,+74 620 3352
1020,Nora Johnson,UK,consumer,2023-10-21,nora.johnson@outlook.com,
1021,Anna Nilsson,Brazil,mid-market,2022-10-31,anna.nilsson@gmail.com,+45 492 1723
1022,Lisa Chen,Japan,consumer,2021-01-23,lisa.chen@company.com,+94 341 5582
1023,Anna Tanaka,Netherlands,enterprise,2022-07-01,anna.tanaka@outlook.com,+46 522 8604
1024,Lucas Garcia,Spain,consumer,2022-01-28,lucas.garcia@company.com,
1025,Paul Wilson,Netherlands,consumer,2024-06-03,paul.wilson@gmail.com,+26 484 6052
1026,Sophie Muller,Canada,consumer,2020-12-11,sophie.muller@outlook.com,+34 513 2358
1027,Pierre Tanaka,Italy,smb,2023-12-09,pierre.tanaka@company.com,+58 741 5743
1028,Lisa Leclerc,Australia,mid-market,2021-01-05,lisa.leclerc@gmail.com,+86 995 9149
1029,Lisa Chen,Japan,consumer,2023-02-16,lisa.chen@gmail.com,+10 891 4003
1030,Sarah Leclerc,UK,consumer,2021-03-23,sarah.leclerc@gmail.com,+45 470 3556
1031,David Garcia,Germany,mid-market,2021-05-02,david.garcia@gmail.com,+86 673 9701
1032,Sophie Chen,Japan,smb,2021-11-18,sophie.chen@gmail.com,+94 477 7542
1033,James Garcia,Germany,smb,2021-03-26,james.garcia@gmail.com,
1034,Lisa Nilsson,Spain,consumer,2022-06-21,lisa.nilsson@gmail.com,+68 919 7952
1035,Pierre Leclerc,Germany,consumer,2021-07-04,pierre.leclerc@outlook.com,+61 926 1921
1036,Carlos Wilson,Netherlands,consumer,2024-03-24,carlos.wilson@gmail.com,+75 452 4898
1037,Sarah Muller,UK,consumer,2024-08-21,sarah.muller@gmail.com,+77 345 8951
1038,Lisa Leclerc,Netherlands,mid-market,2022-09-26,lisa.leclerc@yahoo.com,+49 413 3953
1039,Lucas Johnson,Canada,smb,2021-08-30,lucas.johnson@gmail.com,+42 947 1923
1040,Anna Smith,Japan,enterprise,2021-11-03,anna.smith@gmail.com,+50 850 5248
1041,Julia Smith,Canada,consumer,2022-10-18,julia.smith@gmail.com,+56 413 2225
1042,Pierre Wilson,USA,smb,2022-10-29,pierre.wilson@gmail.com,+63 927 5679
1043,Sophie Wilson,Italy,smb,2022-06-20,sophie.wilson@outlook.com,+43 216 9501
1044,Lisa Wilson,Germany,mid-market,2021-06-05,lisa.wilson@gmail.com,
1045,Anna Dupont,Canada,mid-market,2021-07-14,anna.dupont@gmail.com,+62 488 3111
1046,David Muller,Sweden,smb,2024-06-24,david.muller@company.com,+21 445 5980
1047,Paul Martin,UK,mid-market,2022-07-11,paul.martin@company.com,+12 731 5119
1048,Sophie Chen,Brazil,enterprise,2023-05-23,sophie.chen@gmail.com,
1049,Nora Nilsson,Netherlands,consumer,2021-09-14,nora.nilsson@gmail.com,+31 975 3897
1050,Paul Rodriguez,Italy,smb,2022-11-20,paul.rodriguez@outlook.com,+69 858 3558
1051,David Wilson,Italy,smb,2020-12-06,david.wilson@company.com,+63 283 4259
1052,Sophie Smith,USA,smb,2023-03-08,sophie.smith@company.com,+30 704 8880
1053,Julia Rodriguez,Italy,consumer,2022-03-10,julia.rodriguez@gmail.com,+25 361 8387
1054,Paul Smith,Spain,mid-market,2024-06-26,paul.smith@gmail.com,
1055,Anna Rodriguez,Japan,consumer,2021-03-03,anna.rodriguez@gmail.com,+14 883 4286
1056,Anna Wilson,Australia,consumer,2024-04-21,anna.wilson@company.com,+65 488 7777
1057,David Nilsson,Japan,consumer,2023-05-26,david.nilsson@company.com,+60 255 2690
1058,Lisa Martin,USA,smb,2021-07-20,lisa.martin@gmail.com,+86 567 3481
1059,Nora Garcia,Australia,consumer,2021-01-10,nora.garcia@outlook.com,+15 215 9278
1060,Emma Wilson,Spain,smb,2022-12-21,emma.wilson@gmail.com,+96 453 2814
1061,Paul Tanaka,Spain,smb,2022-12-21,paul.tanaka@yahoo.com,+42 222 5946
1062,James Brown,Canada,smb,2024-09-22,james.brown@company.com,+62 985 3869
1063,Lisa Rodriguez,Australia,mid-market,2020-12-25,lisa.rodriguez@outlook.com,
1064,Anna Brown,USA,enterprise,2024-11-08,anna.brown@gmail.com,+59 159 7830
1065,John Muller,Spain,smb,2024-10-25,john.muller@outlook.com,+46 813 5171
1066,Lisa Tanaka,Sweden,mid-market,2023-01-06,lisa.tanaka@gmail.com,+16 119 6011
1067,Emma Leclerc,Brazil,smb,2024-11-27,emma.leclerc@company.com,+53 831 8894
1068,Lucas Wilson,UK,smb,2024-04-05,lucas.wilson@gmail.com,+16 382 2868
1069,Emma Dupont,Brazil,consumer,2022-05-25,emma.dupont@company.com,+11 102 1740
1070,Emma Leclerc,Australia,enterprise,2022-01-31,emma.leclerc@gmail.com,
1071,Lisa Nilsson,Germany,consumer,2023-09-21,lisa.nilsson@gmail.com,+12 751 6720
1072,Nora Brown,Sweden,smb,2021-09-20,nora.brown@gmail.com,+95 200 2878
1073,Pierre Johnson,Sweden,enterprise,2022-06-23,pierre.johnson@gmail.com,+45 683 2170
1074,Sophie Tanaka,Australia,mid-market,2024-01-02,sophie.tanaka@gmail.com,+21 478 1162
1075,Julia Rossi,UK,enterprise,2022-01-20,julia.rossi@yahoo.com,+39 781 5739
1076,Pierre Muller,Germany,mid-market,2022-07-16,pierre.muller@gmail.com,+43 538 9520
1077,Julia Garcia,Brazil,mid-market,2021-08-27,julia.garcia@gmail.com,+52 580 9376
1078,Lisa Johnson,Brazil,smb,2024-04-19,lisa.johnson@gmail.com,+16 186 5047
1079,Lucas Brown,Spain,smb,2023-12-29,lucas.brown@gmail.com,+32 282 2075
1080,Julia Muller,Japan,enterprise,2023-09-13,julia.muller@company.com,+87 652 7217
1081,Paul Rodriguez,Japan,mid-market,2023-07-20,paul.rodriguez@company.com,+12 406 6586
1082,Sarah Nilsson,Germany,enterprise,2021-05-06,sarah.nilsson@gmail.com,+52 724 7024
1083,Nora Nilsson,Japan,smb,2021-12-22,nora.nilsson@yahoo.com,+41 803 3336
1084,Pierre Rossi,Germany,mid-market,2022-09-25,pierre.rossi@yahoo.com,+8 921 1202
1085,David Tanaka,Spain,smb,2022-09-30,david.tanaka@company.com,+28 202 3086
1086,Marie Chen,USA,mid-market,2021-05-10,marie.chen@gmail.com,+39 216 5199
1087,Nora Chen,Spain,enterprise,2023-02-15,nora.chen@gmail.com,+91 222 9338
1088,Carlos Chen,Canada,consumer,2024-01-06,carlos.chen@outlook.com,+41 632 4974
1089,John Johnson,Italy,enterprise,2024-05-15,john.johnson@company.com,+32 198 6339
1090,Maria Johnson,Sweden,mid-market,2023-08-05,maria.johnson@yahoo.com,+90 568 6391
1091,Lisa Rodriguez,France,mid-market,2022-04-17,lisa.rodriguez@outlook.com,+64 449 2085
1092,James Wilson,Netherlands,consumer,2023-01-10,james.wilson@gmail.com,+50 881 3827
1093,Maria Muller,Spain,consumer,2023-03-23,maria.muller@yahoo.com,+86 868 3202
1094,Anna Rodriguez,Sweden,consumer,2022-12-28,anna.rodriguez@company.com,+57 772 5453
1095,Lucas Brown,Canada,consumer,2020-12-30,lucas.brown@gmail.com,+69 918 6644
1096,Pierre Leclerc,Brazil,enterprise,2020-11-27,pierre.leclerc@yahoo.com,+83 820 8314
1097,Anna Rodriguez,France,consumer,2024-04-09,anna.rodriguez@gmail.com,+84 302 1165
1098,Maria Rossi,Italy,mid-market,2024-06-17,maria.rossi@outlook.com,+16 324 7210
1099,Anna Nilsson,France,consumer,2023-12-09,anna.nilsson@outlook.com,+50 521 1081
1100,James Martin,Italy,smb,2021-06-29,james.martin@yahoo.com,+68 427 7844
1101,Pierre Dupont,USA,smb,2023-01-27,pierre.dupont@company.com,+12 365 1492
1102,Marie Muller,Netherlands,consumer,2021-06-12,marie.muller@gmail.com,+28 930 5416
1103,Lucas Rossi,UK,mid-market,2022-04-27,lucas.rossi@gmail.com,+44 345 3383
1104,Sophie Rossi,Germany,consumer,2022-09-11,sophie.rossi@gmail.com,
1105,Carlos Smith,USA,smb,2023-10-16,carlos.smith@gmail.com,
1106,Lisa Chen,Australia,consumer,2023-07-16,lisa.chen@gmail.com,+71 827 5593
1107,James Smith,Australia,consumer,2024-04-29,james.smith@gmail.com,+9 740 9288
1108,John Leclerc,Japan,enterprise,2022-10-31,john.leclerc@gmail.com,+23 243 7648
1109,Lucas Tanaka,USA,consumer,2023-10-17,lucas.tanaka@gmail.com,+33 742 7327
1110,Anna Martin,Spain,smb,2023-09-30,anna.martin@gmail.com,+27 137 6003
1111,Nora Martin,Canada,consumer,2024-10-05,nora.martin@yahoo.com,+40 868 4221
1112,Marie Leclerc,Brazil,mid-market,2021-09-15,marie.leclerc@gmail.com,
1113,Sarah Brown,France,smb,2021-02-21,sarah.brown@outlook.com,+61 957 8046
1114,David Tanaka,France,consumer,2022-12-01,david.tanaka@company.com,+85 818 4613
1115,Anna Tanaka,UK,smb,2022-10-07,anna.tanaka@outlook.com,+7 645 7883
1116,Maria Dupont,Canada,mid-market,2021-03-13,maria.dupont@gmail.com,+98 712 6115
1117,Nora Smith,Germany,mid-market,2022-11-12,nora.smith@gmail.com,+57 203 1066
1118,James Rossi,Australia,consumer,2022-06-01,james.rossi@outlook.com,+5 913 8112
1119,Carlos Rodriguez,,enterprise,2023-03-14,carlos.rodriguez@outlook.com,+26 480 5352
1120,Lucas Nilsson,Canada,consumer,2022-11-07,lucas.nilsson@gmail.com,+25 479 4128
1121,Carlos Wilson,Japan,consumer,2022-10-27,carlos.wilson@gmail.com,+69 780 1885
1122,Lucas Smith,UK,enterprise,2022-01-22,lucas.smith@outlook.com,+46 991 8815
1123,Lisa Rossi,Japan,mid-market,2022-06-28,lisa.rossi@gmail.com,+78 760 1038
1124,James Martin,Germany,consumer,2022-11-23,james.martin@outlook.com,+96 760 8995
1125,Sophie Leclerc,UK,enterprise,2024-08-13,sophie.leclerc@gmail.com,+90 328 1124
1126,Emma Garcia,Germany,smb,2021-04-13,emma.garcia@gmail.com,+65 512 1184
1127,Carlos Garcia,France,consumer,2021-05-07,carlos.garcia@company.com,+27 991 4269
1128,Anna Wilson,France,smb,2024-03-06,anna.wilson@gmail.com,+26 688 6982
1129,Paul Wilson,Germany,smb,2023-09-28,paul.wilson@outlook.com,
1130,Marie Tanaka,France,consumer,2021-01-02,marie.tanaka@gmail.com,+16 392 8630
1131,Marie Tanaka,Spain,smb,2023-08-19,marie.tanaka@gmail.com,+9 111 6907
1132,Marie Garcia,USA,mid-market,2021-08-27,marie.garcia@company.com,
1133,John Smith,USA,smb,2021-10-04,john.smith@gmail.com,+18 436 3104
1134,Maria Chen,Canada,consumer,2021-06-16,maria.chen@gmail.com,+58 705 9232
1135,John Tanaka,France,consumer,2024-11-09,john.tanaka@company.com,+7 393 3379
1136,Pierre Muller,USA,smb,2022-12-24,pierre.muller@yahoo.com,+57 579 8896
1137,Anna Johnson,USA,mid-market,2022-08-24,anna.johnson@yahoo.com,+91 794 2790
1138,Sophie Leclerc,France,enterprise,2021-07-21,sophie.leclerc@gmail.com,+4 908 9484
1139,Carlos Dupont,Brazil,mid-market,2024-01-08,carlos.dupont@gmail.com,+25 141 7124
1140,Pierre Wilson,Japan,enterprise,2023-09-09,pierre.wilson@outlook.com,+58 899 6177
1141,Paul Muller,Sweden,consumer,2024-03-13,paul.muller@gmail.com,+75 806 1088
1142,Pierre Rossi,Brazil,mid-market,2021-11-08,pierre.rossi@gmail.com,+15 801 2614
1143,Maria Rossi,France,consumer,2020-11-25,maria.rossi@yahoo.com,
1144,David Rossi,Japan,mid-market,2024-05-10,david.rossi@gmail.com,+15 112 5224
1145,David Leclerc,USA,mid-market,2023-12-26,david.leclerc@gmail.com,+63 757 9149
1146,Sarah Muller,Netherlands,smb,2023-09-08,sarah.muller@gmail.com,+64 780 2895
1147,Carlos Chen,Spain,mid-market,2021-05-06,carlos.chen@gmail.com,+34 373 1585
1148,Lisa Rossi,Australia,consumer,2023-02-16,lisa.rossi@outlook.com,+95 316 5037
1149,Sophie Johnson,UK,consumer,2023-10-15,sophie.johnson@company.com,+35 139 9129
1150,Carlos Nilsson,Netherlands,consumer,2023-08-17,carlos.nilsson@gmail.com,+22 190 4081
1151,Anna Martin,Italy,mid-market,2022-07-07,anna.martin@gmail.com,+15 998 2700
1152,James Nilsson,Brazil,consumer,2023-05-14,james.nilsson@outlook.com,+30 343 1237
1153,David Smith,Canada,mid-market,2024-05-10,david.smith@gmail.com,+2 561 3094
1154,Pierre Martin,Sweden,consumer,2021-08-15,pierre.martin@outlook.com,+9 361 3466
1155,Anna Garcia,Spain,smb,2023-03-23,anna.garcia@company.com,+42 992 3761
1156,Anna Dupont,,mid-market,2023-11-21,anna.dupont@outlook.com,
1157,Emma Dupont,Sweden,mid-market,2021-12-28,emma.dupont@gmail.com,+50 503 5568
1158,Carlos Dupont,Spain,enterprise,2021-12-03,carlos.dupont@company.com,+17 518 2106
1159,John Johnson,Germany,mid-market,2024-04-19,john.johnson@gmail.com,+93 627 1310
1160,Julia Chen,Italy,consumer,2024-08-16,julia.chen@company.com,+50 932 7685
1161,John Dupont,USA,consumer,2024-09-27,john.dupont@outlook.com,+27 902 2669
1162,Pierre Wilson,Germany,consumer,2021-11-03,pierre.wilson@outlook.com,+25 239 9306
1163,Lisa Rossi,Italy,enterprise,2022-05-28,lisa.rossi@company.com,+71 565 7010
1164,Pierre Martin,Japan,smb,2021-09-25,pierre.martin@outlook.com,+26 163 8611
1165,Marie Martin,,mid-market,2022-05-27,marie.martin@gmail.com,
1166,John Nilsson,UK,smb,2023-04-22,john.nilsson@gmail.com,+55 138 7493
1167,Anna Rossi,Italy,mid-market,2022-07-20,anna.rossi@yahoo.com,+93 351 3648
1168,Emma Garcia,France,mid-market,2022-01-05,emma.garcia@outlook.com,+85 420 3162
1169,Lucas Rossi,Japan,smb,2023-04-26,lucas.rossi@gmail.com,
1170,Marie Smith,Germany,mid-market,2021-03-28,marie.smith@yahoo.com,+8 821 2439
1171,Sarah Leclerc,Japan,smb,2021-04-20,sarah.leclerc@outlook.com,
1172,Emma Chen,Australia,consumer,2021-09-12,emma.chen@gmail.com,
1173,James Rodriguez,Sweden,mid-market,2020-12-05,james.rodriguez@gmail.com,+58 887 6958
1174,Pierre Chen,UK,consumer,2023-05-09,pierre.chen@gmail.com,+23 215 5072
1175,Carlos Garcia,Canada,smb,2024-06-18,carlos.garcia@gmail.com,+47 417 1983
1176,Emma Chen,Sweden,consumer,2022-12-22,emma.chen@gmail.com,+12 575 9497
1177,Lisa Johnson,Netherlands,consumer,2021-12-02,lisa.johnson@gmail.com,+59 493 9380
1178,Anna Leclerc,Australia,consumer,2021-10-14,anna.leclerc@gmail.com,+68 745 6176
1179,Sarah Rodriguez,Australia,consumer,2023-05-11,sarah.rodriguez@gmail.com,
1180,Maria Martin,USA,consumer,2023-09-29,maria.martin@yahoo.com,+61 776 9084
1181,Maria Chen,Australia,consumer,2023-02-17,maria.chen@gmail.com,+29 728 1284
1182,Nora Smith,Japan,mid-market,2021-09-08,nora.smith@company.com,+53 907 6806
1183,Paul Smith,Germany,enterprise,2024-09-04,paul.smith@company.com,+27 645 4219
1184,Pierre Martin,UK,consumer,2023-08-08,pierre.martin@outlook.com,+43 305 6622
1185,Sophie Martin,Japan,enterprise,2023-12-31,sophie.martin@company.com,+20 498 9452
1186,Marie Rossi,Germany,mid-market,2021-09-05,marie.rossi@company.com,+75 472 9719
1187,Marie Leclerc,Italy,enterprise,2023-01-12,marie.leclerc@gmail.com,+2 962 4168
1188,Lisa Tanaka,Sweden,smb,2024-07-28,lisa.tanaka@yahoo.com,+81 951 6415
1189,Julia Smith,Netherlands,mid-market,2023-11-14,julia.smith@gmail.com,+60 773 3157
1190,Nora Wilson,Australia,consumer,2024-09-28,nora.wilson@yahoo.com,+18 408 5310
1191,Sophie Johnson,France,consumer,2023-01-03,sophie.johnson@outlook.com,+73 331 6082
1192,David Leclerc,UK,consumer,2020-11-27,david.leclerc@gmail.com,+1 127 9699
1193,Sophie Nilsson,Canada,mid-market,2022-08-22,sophie.nilsson@gmail.com,+84 876 3958
1194,Nora Tanaka,Brazil,smb,2021-06-03,nora.tanaka@company.com,
1195,Nora Nilsson,Germany,smb,2021-12-07,nora.nilsson@gmail.com,
1196,Lucas Martin,UK,smb,2021-05-15,lucas.martin@gmail.com,
1197,James Rodriguez,Spain,consumer,2023-09-02,james.rodriguez@gmail.com,+97 998 7941
1198,Lucas Wilson,Brazil,mid-market,2021-02-03,lucas.wilson@outlook.com,+35 802 3199
1199,Nora Muller,UK,consumer,2023-12-18,nora.muller@company.com,
1200,Anna Chen,Netherlands,enterprise,2023-02-27,anna.chen@yahoo.com,+10 173 4546
